nl12,nl13,nl14,nl15,nl16,nl17,nl18,nl19,nl20
0,0,0,0,0,0,0,1.780836820602417,0
2.102909564971924,1.7250885963439941,1.9522254467010498,2.2822344303131104,1.7125720977783203,1.576738715171814,2.0585179328918457,3.1276683807373047,2.8172264099121094
0,0,2.5384246110916138,5.5460145473480225,7.483582973480225,5.25039529800415,7.780363082885742,6.245524883270264,6.070795774459839
0.29910504817962646,0.41433072090148926,0.3031107485294342,0.686134397983551,2.8721818923950195,4.776908874511719,10.920149803161621,10.893567085266113,13.304874420166016
0,0,0,0,0.44842925667762756,3.85780668258667,11.980949878692627,10.455204486846924,9.05712080001831
0,0,0,0,0.5239717960357666,2.211374044418335,4.176053047180176,5.31738805770874,5.771256446838379
0,0,0,0,2.589544177055359,12.157331943511963,12.240735530853271,14.765549659729004,15.035953044891357
0.7750631272792816,1.196600317955017,0.5738577842712402,1.606378436088562,0.6389181613922119,1.2186052203178406,1.4552344679832458,0.7490546703338623,1.0542340874671936
0.8937574923038483,1.5255930423736572,2.0046926736831665,2.1174025535583496,0.5680454969406128,2.0844359397888184,0.9259666204452515,1.7154424786567688,2.014595627784729
1.099381685256958,0.823641300201416,1.2678987979888916,1.4559160470962524,0.7908433079719543,1.6971478462219238,1.500374436378479,1.6134440898895264,1.8029476404190063
0.839564710855484,0.8426403105258942,0.9368882179260254,1.0924749374389648,0.6126127243041992,1.1993547677993774,1.0884692668914795,1.2755865454673767,1.301596462726593
0.20952629297971725,1.0579720735549927,0,0.5556400418281555,0.7499772012233734,0.9956082701683044,0.9025269448757172,1.0790088772773743,1.3437577486038208
0.12649819254875183,0.11739613115787506,0.15937355160713196,0.3222385346889496,0.21456381678581238,0.3905356228351593,0.25069892406463623,0.31745147705078125,0.4435872435569763
2.5371129512786865,3.4873950481414795,2.127307653427124,2.128943920135498,0,1.4284963607788086,2.0014171600341797,2.733952522277832,2.6701080799102783
4.882819414138794,5.422902822494507,4.397433042526245,6.497828006744385,5.591321229934692,4.414994478225708,4.579299688339233,4.234868764877319,3.5870789289474487
0,0,0,0,0,0,0,0,0
2.050234079360962,2.9356021881103516,7.269009590148926,8.211277961730957,5.316321849822998,4.164986610412598,3.5158839225769043,3.3602242469787598,5.0150146484375
0,0,0,0,0,0,0,0,0
0,0,0,0,0,0,0,0,0.8529672026634216
3.0450706481933594,6.730147361755371,8.621245384216309,11.824244499206543,5.119739055633545,6.606758117675781,6.21429443359375,2.9449687004089355,7.7240891456604
0,0,0,0,0,0,0,0,0
0,0,0,0,0,0,0,0,0
0.13187479972839355,0,0,0,0,0,0.08736823499202728,0.4083146005868912,0.8937161266803741
0,0,0,0,0,0,0,0,0
0,0,0,0,0,0,0,0,0
0,0,0,0,0,0.3097382187843323,0.5008463263511658,0.5084384083747864,0.7971557378768921
0,0,0,0,0,0,0,0,0
0,0,0,0,0,0,0,0,0
0,0,0,0,0,0,0,0,0
0,0,0,0,0,0,0,0,0
0,0.1570383906364441,0,0,0,0,0.3161032795906067,0.3134163022041321,0.42098233103752136
0,0.07631959766149521,0,0,0,0,0.13946586847305298,0.13084489107131958,0.19661086797714233
0,0,0,0,0,0,0,0,0
0,0,0,0,0,1.0042390823364258,0.8221229314804077,0,0
0,0,0,0,0.6096352785825729,1.6217745542526245,0.7663716673851013,0,0
0,0,0,0,0,0,0,0,0
0,0,0,0,0,0,0,0,0
0,0,0,0,0,0,0,0,0
0,0,0,0,0,0,0,0,0
0,0,0,0,0,0,0,0,0
0,0,0,0,0,0,0,0,0
0,0,0,0,0,0,0,0,0
0,0,0,0,0,0.11152718216180801,0.11536850035190582,0.11593591421842575,0
0,0,0,0,0,0,0,0,0
0,0,0,0,0,0,0,0,0
0,0,0,0,0,0,0,0,0
0,0,0,0,0,0,0,0,0
0,0,0,0,0,0,0,0,0
0,0,0,0,0,0,0,0,0
0,0,0,0,0,0,0,0,0
6.5155839920043945,0.6410712003707886,6.368352890014648,6.838469505310059,8.852885246276855,9.449853897094727,13.546680450439453,15.424858093261719,8.715179443359375
0,0,0,0,0,0,0,0,0
0,0,0,0,0,0,0,0,0
0.34421291947364807,0.25592363625764847,0.17708542943000793,0.18432141840457916,0.13405875861644745,0.2752504348754883,1.289807140827179,0.6356219947338104,0.2393907606601715
0,0.2641057074069977,0,0,0,0.4925681948661804,0.6648739576339722,0.761264443397522,0.661121129989624
0,0,0,0,0,0,0,0.5772390961647034,0.6345975399017334
6.659914016723633,6.122516632080078,4.05277156829834,7.825985908508301,6.814767837524414,7.561690330505371,5.662229537963867,6.44870138168335,6.910261631011963
0.628433033823967,0.9788134396076202,1.4471179842948914,1.8311634063720703,1.5576704442501068,1.6215989589691162,2.108486533164978,2.2432419061660767,2.4471466541290283
0.2886343002319336,0.9795459508895874,0.6056116223335266,1.3125859498977661,1.2252237796783447,1.2515432834625244,1.4102284908294678,1.5247299671173096,1.6710203886032104
3.141687035560608,3.2758729457855225,5.725393533706665,7.462109327316284,7.7778096199035645,6.206777811050415,5.943465948104858,8.39010238647461,12.082728147506714
0.4639621376991272,0,0.2521461844444275,1.0773365497589111,0.28276291489601135,0.8646968603134155,1.4226316213607788,0.7785946130752563,0.7316519618034363
0.293052077293396,0,0,0,0.5026128590106964,0.9347997903823853,1.302373468875885,0.48980599641799927,1.5593773126602173
0,0,0,0.28279629349708557,0,0,0,0,0
0,0,0,0,0,0,0,0,0
0,0,0,0,0,0,0,0,0
0,0,0,0,0,0,0,0,0
1.5150135159492493,0.5680117160081863,4.029279351234436,5.02022910118103,3.857404887676239,4.212167978286743,3.371790289878845,4.156447768211365,4.286939978599548
0,0,0,0,0,0,0,0,0
0,0,0,0,0,0,0,0,0
0.7574275135993958,0,0.7593566179275513,0.9260932207107544,0.666619062423706,0.8220675587654114,1.1556200981140137,0.9662348628044128,0.8925932049751282
0,0.21169966459274292,0.3190740942955017,0.4590882658958435,0.7036945223808289,1.0067790746688843,0.9004013538360596,1.0184427499771118,1.833719253540039
0.849522590637207,0.9525592923164368,1.446789562702179,0.7909096777439117,0.8566211760044098,0.7377986013889313,1.1761502027511597,1.1258620023727417,1.1453667283058167
0.7022004723548889,0.9121447801589966,0.4444693624973297,0.3594312071800232,0.4057707190513611,0.587812602519989,0.6610544323921204,0.7863926291465759,0.8088065385818481
0.6417140662670135,1.017958164215088,1.2576212286949158,1.1294536590576172,0.9879022836685181,1.79401296377182,1.0613789558410645,1.1426812410354614,1.2654682397842407
0.8125907182693481,1.0027488470077515,1.4016566276550293,0.7648371458053589,0.8036980628967285,0.9475741386413574,1.4071260690689087,1.230878233909607,1.4819269180297852
0.3657146468758583,0.5566852688789368,0.753248929977417,0.553715705871582,0.5373020470142365,0.7281462252140045,1.1043469905853271,0.9502086341381073,1.0418773293495178
0.7629729509353638,0.5405495762825012,0.5359888076782227,0.6383081078529358,0.2635311782360077,0.4970783591270447,0.5249473452568054,0.8916189074516296,0.800197184085846
0,0.30265551805496216,0.23317551612854004,0,0,0.8052181601524353,0.5393874049186707,1.1602880954742432,1.0231406688690186
0.6940513849258423,0.4151986837387085,0,0,0,0.42590734362602234,0.6965750455856323,0,0
0,0,0,0,0,0.9042865037918091,0.9662199020385742,0,0
0,0,0,0,0,0,0,0,0
0,0,0,0,0,0,0.5193417072296143,0,0
0.41142138838768005,0,0,0,0,0,0.5886830687522888,0.5243072509765625,0
0,0,0,0,0,0,0,0,0
0,0,0.38677918910980225,0,0.43432605266571045,2.669013023376465,0.6032418012619019,0.7081323862075806,0
0,0,0.6271591782569885,0.3509666621685028,0.4332127571105957,1.284145176410675,0.46783459186553955,0.7601200938224792,0.29194220900535583
2.137968897819519,0.5344775468111038,3.295603632926941,3.5379761457443237,3.1320087909698486,1.9851381182670593,1.3240638971328735,0.6202755272388458,0.6464494168758392
0,0,0,0,0,0.6718322336673737,0.2548486590385437,0.6571409106254578,0.31645748019218445
0,0,0,0,0,0,0,0,0
0.21942422538995743,0,1.545049011707306,0.6607524156570435,0.49206268787384033,0.5747343897819519,1.2082625031471252,1.5060116648674011,1.2388536930084229
0,0,1.059659481048584,1.4434387683868408,1.4041019082069397,1.4742153882980347,2.0472716689109802,5.403811454772949,3.5712238550186157
0,0,0.1401701122522354,0.3210337162017822,1.4891777038574219,3.101490020751953,4.286547660827637,4.7495503425598145,3.7301206588745117
0,0,0,0,0,0,0,0,0
0,0,0,0,0,0,0,0,0
0.6899193823337555,1.0796003341674805,0.7988245785236359,0.7921566069126129,0.16343557834625244,0,0.27435246109962463,0.23634451627731323,0.26662370562553406
0.6334760338068008,0.867566853761673,0.627344086766243,0.6365685164928436,0.21116983890533447,0.7774238884449005,0.6477312743663788,0.31051909923553467,0.28663402795791626
2.6231977939605713,1.3091646432876587,0.8005210161209106,0.733511745929718,0.4557870328426361,0.916616678237915,1.3496174812316895,1.4555002450942993,1.3156851530075073
0,0.45934879779815674,0.4106900990009308,0.8548325896263123,1.0260924100875854,1.2673792839050293,1.0001914501190186,0.7601621150970459,0.7447142004966736
0,0.672720417380333,2.9530270099639893,0.6348743736743927,1.3475160002708435,1.7553120255470276,1.9630458354949951,0.3915988802909851,0.398537278175354
0,0,0,0,0,0,0,0,0
0,0,0,0,0,0,0,0,0
0,0,0,0,0,0,0,0,0
0,0,0,0,0,0,0,0,0
0,0,0,0,0,0,0,0,0
0,0,0,0,0.2765463814139366,1.6149622201919556,0.9664256274700165,2.507171154022217,2.365691900253296
0,0,0,0,0,0,0,0,0
0,0,0,1.633510947227478,1.259676218032837,1.2053122520446777,1.3396365642547607,0.6121143102645874,1.4909459352493286
0,0,0,0,0,0,0,0,0
0,0,0,0,0,0,0,0,0
0,0,0,0,0,0,0,0,0
0,0,0,0,0,0,0,0,0
0,0,0,0,0,0,0,0,0
0,0,0,0,0,0,0,0,0
0.35274603962898254,1.0452359318733215,1.0374818742275238,1.3323041796684265,0.9739222526550293,1.6101379990577698,1.723452627658844,2.325250506401062,2.421298623085022
0,0,0,0,0,0,0,0,0
0.12112412974238396,0.32908977568149567,0.30597473680973053,0.5073719620704651,0.16286957263946533,0.5474556684494019,0.6081128418445587,0.8223064839839935,0.722585916519165
0,0,0,0,0,0,0,0,0
0.022276928648352623,0,0.05151544511318207,0.09836087375879288,0,0.16317248344421387,0.240066260099411,0.2641383707523346,0.19691415131092072
0.3901728391647339,0.5412734746932983,0.6750404834747314,0.7963132858276367,0.34210851788520813,0.8089960813522339,1.278737187385559,1.6666374206542969,1.5127472877502441
0.20643849670886993,0,0.28188543021678925,0.4944450259208679,0.1414291262626648,0.5433958172798157,0.7118264436721802,0.9583688676357269,0.7323449552059174
0.31652089953422546,0,0.5364596843719482,0.4753660261631012,0,0.5707546472549438,0.8954328298568726,0.9841544032096863,1.0992463827133179
0,0,0,0,0,0,0,0,0
0,0,0,0,0,0,0,0,0
0,0,0,0,0,0,0,0,0
0.32736626267433167,0.27217012643814087,0.6271681785583496,0.49213117361068726,0.7579586505889893,0.558429479598999,0.8377621173858643,0.9413342475891113,1.066626787185669
0,0.365952730178833,0,0.1698133945465088,0.10969550907611847,0.3729020357131958,0.352104589343071,0,0.48208823800086975
0.0884491577744484,0.450010746717453,0.3109492063522339,0.3260827660560608,0.18498919159173965,0.3873388320207596,0.44103650748729706,0.4318714439868927,0.5433135330677032
0,0,0,0,0,0,0,0,0
0,0,0,0,0,0,0,0,0
0,0,0,0,0,0,0,0,0
0,0,0,0,0,0,0,0,0
0,0,0,0,0,0,0,0,0
0,0,0,0,0,0,0,0,0
0,0,0,0,0,0,0,0,0
0,0,0,0,0,0,0,0,0
0,0,0,0,0,0,0,0,0
0,0,0,0,0,0,0,0,0
0,0,0,0,0,0,0,0,0
0,0,0,0,0,0,0,0,0
0,0,0,0,0,0,0,0,0
0.34762251377105713,0.7060582637786865,0.5353721380233765,0.8142569661140442,0.5649950504302979,1.0253554582595825,2.6551547050476074,4.028876304626465,2.6037509441375732
1.7647005319595337,1.3897486925125122,1.4403917789459229,1.9323070049285889,1.6391509771347046,1.4777742624282837,2.264740228652954,3.2169909477233887,2.052239418029785
0,0,0,0,0,0,0,0,0
0,0,0,0,0,0,0,0,0
1.4744741916656494,1.4470484256744385,0.5141170024871826,0.2680625319480896,0.04732157289981842,0,0,0,0
0.5159860849380493,0.7187982797622681,0.5233410894870758,0.4924391210079193,0.35963062942028046,0.15449441224336624,0,0.5096466392278671,0
0.8737022280693054,0.5031085014343262,0.8466091156005859,0.8079841136932373,0.6983551979064941,0.8927168846130371,0.8705391883850098,1.2580488920211792,0.9597873687744141
0.34317338466644287,0.3363185226917267,0.3739665746688843,1.1726551055908203,1.659103274345398,2.930907726287842,2.936505079269409,1.9467655420303345,1.1871393918991089
1.9874427318572998,1.1313713788986206,0.7249996662139893,0.7186477780342102,0.40805011987686157,0.5366158783435822,1.585893154144287,3.4357924461364746,1.7713643908500671
0.27876266837120056,0,0,0.3015066087245941,0.36244869232177734,0.6852353811264038,1.4762847423553467,1.3855526447296143,2.447030782699585
0.6676235198974609,0.3996279537677765,0.5695897936820984,0.7960103750228882,0.5448133945465088,0.7203881740570068,1.1601433753967285,1.0925865173339844,1.044851303100586
1.0631388425827026,0.6510190963745117,0.5741795599460602,0.5815722644329071,0.34355778992176056,0.8132203221321106,1.4637832045555115,1.0065698325634003,0.9921827912330627
0,0,0.3019447922706604,0.562391996383667,0.3139224350452423,0.4400833249092102,0,0,0
0.39784932136535645,0.645616352558136,1.4981166124343872,1.3276461362838745,0.7205151319503784,0.6645784974098206,0.6603911519050598,0.6039228439331055,0.5103811025619507
0,0,0,0,0,0,0,0,0
0,0,0,0,0,0,0,0,0
0,0,0,0,0,0,0,0,0
0,0,0,0,0.21897728741168976,3.49013888835907,4.762307167053223,6.381282091140747,3.1180002689361572
0,0,0,0,0,0.7336738109588623,0,0,0
0,0,0,0,0,0,0,0,0
0.11972557008266449,0,0,0,0,0,0,0,0
0,0,0,0,0,0,0.4626573622226715,0,0
0,0,0,0,0,0,0,0.27359795570373535,0
0.8608914613723755,0,0,0,0.7083890438079834,1.861313819885254,0.5896841287612915,2.418820381164551,1.2924530506134033
1.1182016134262085,0.6056656539440155,0,0.8488183915615082,0,1.2752127647399902,0.9795533418655396,2.5915123224258423,1.2976531386375427
0,0,0,0,0,0,0,0,0.5327367782592773
2.4658841490745544,1.1704974174499512,2.207426905632019,0.8179856240749359,1.0615047812461853,0,1.6939439177513123,0.6962442100048065,0.4911426603794098
0.5007564872503281,0,0.560541570186615,0.3623553216457367,0.6829214692115784,1.551705241203308,2.712446928024292,0.9967113137245178,0.9153835475444794
0,0.43844103813171387,0.3689982295036316,0.3964698314666748,0.4255358874797821,0.3903104066848755,0.42317286133766174,0.7054837942123413,0.6602087616920471
0.7399621605873108,1.3845468759536743,0.8777498006820679,1.850440263748169,2.1559698581695557,2.6168181896209717,2.655584931373596,3.8984514474868774,2.56036376953125
0,0,0,0,0,0,0,0,0
0,0,0,0,0,0,0.6406508684158325,1.0095887184143066,0.8305816650390625
0,0,0,0,0,0,0,0,0
1.0139715075492859,0.8998850882053375,1.9012844860553741,1.8189700841903687,1.1954399943351746,0.8824164569377899,1.1760627627372742,1.52987140417099,1.7864139080047607
0.622205913066864,1.131987452507019,0.9939242005348206,0.965122401714325,0.43323010206222534,0.5574488639831543,0.7483091950416565,0.9528813362121582,0.9581859111785889
0.52835313975811,1.3515573143959045,1.169093132019043,1.049277126789093,0.5087204277515411,0.5699582993984222,0.8055255711078644,0.8355940282344818,0.9082415997982025
0,0,0,0,0,0,0,0,0
0,0,0,0,0,0,0.8403271436691284,0,0
0,0,0.3867814987897873,0.2550757825374603,0.2971278429031372,0.9449052512645721,1.1379660367965698,1.0546622276306152,0.3604939579963684
0,0,0,0,0,0,0,0,0
0,0,0.255789116024971,0.12887778878211975,0,2.2672080993652344,0.7603765428066254,0.7353052794933319,0.13554613292217255
3.980865240097046,0,0,2.000085473060608,2.600246548652649,2.0599602460861206,2.897664785385132,0.984967052936554,0.6143122315406799
0.5273875594139099,1.0097353756427765,0.9468485116958618,1.2991165518760681,1.7231906652450562,2.498600721359253,2.538343906402588,4.115407347679138,3.088414192199707
0.9593597650527954,0,0,1.017829179763794,1.5057841539382935,1.6044353246688843,0.5423828363418579,1.8673287630081177,1.4243441820144653
0,0,0,0,0.3284152150154114,0,0,0,0
0,0.4627053886651993,0,0,1.1344321966171265,1.1664145588874817,1.4163563251495361,1.5964316129684448,1.2568546533584595
0,0,0,0,0,0,0,0,0
0,0,0,0,0,0,0,0.3970971703529358,0
0,0,0,0,0.4718426465988159,0.5651488304138184,0,0.3044613003730774,0
0.90305295586586,0.6140449643135071,0,0,0.4644843488931656,1.9860301613807678,2.1788090467453003,2.6286027431488037,1.8278968334197998
2.2761645317077637,0,0,1.0010793209075928,1.2862646579742432,1.6296372413635254,1.9690369367599487,1.6455020904541016,1.4445301294326782
1.3208544254302979,0,0.7455165982246399,0,1.3902192115783691,1.1294312477111816,1.4466700553894043,2.184896469116211,1.2862697839736938
0.5119523406028748,0,0,0,0.26750925183296204,0,1.378941535949707,1.431436538696289,0.5873962640762329
0,0,0,0,0,0,0,0,0
0,0,0,0,0,0,0,0,0
0.35055309534072876,0.24937014281749725,0.7722344398498535,0.6465156376361847,0.42461976408958435,0.48835699260234833,0.43818631768226624,0.41395924985408783,0.5851331651210785
1.2641289234161377,0,0,0,0,0,0.34877511858940125,0.9881447553634644,1.1840262413024902
0,0,0,0,0,0,0,0,0
0.5055713653564453,0,0,0,0,0,0,0,0
0.8011951446533203,0,0.755028635263443,1.0295946598052979,2.1815435886383057,3.6865553855895996,0.6931825876235962,3.3899072408676147,2.758302927017212
1.1457397937774658,1.2872695922851562,1.4161698818206787,2.231189489364624,2.071653366088867,2.9131085872650146,2.999499559402466,4.926137447357178,3.0901408195495605
0.3267207145690918,0.36954987049102783,0.39832478761672974,0.6747045516967773,0.3862203061580658,0.5004009008407593,0.4329710602760315,0.6951314806938171,0.6662663817405701
0,0,0,0,0,0,0,0,0
0,0,0,0,0,0,0,0,0
1.4084491729736328,0,1.1325763463974,1.585420846939087,2.01709246635437,2.695174217224121,1.9672778844833374,3.967378258705139,2.614828944206238
0,0,0,0,0,0,0,0,0.2519795298576355
0,0,0.15349730849266052,0,0,0,0.7999845445156097,0.5435779541730881,0
3.7145144939422607,0,2.782482147216797,3.3378151655197144,4.203964710235596,1.5166569948196411,0.498466894030571,1.9226676225662231,1.2849249243736267
0.8164280951023102,0,0.6146273016929626,0,0.3903958201408386,1.0304775536060333,0.4842880368232727,0.7592534124851227,0.9020773470401764
0,0,0,0,0,0,0,0,0
0,0,0,0,0,0,0,0,0
0.09940703213214874,0,0,0,0,0,0.5052099823951721,0.33017271757125854,0
0,0,0,0,0,0,0,0,0
0,0,0,0,0,0,0,0,0
0,0,0,0,0,0,0,0,0
0.4725341796875,0.34409162402153015,0.8073300123214722,1.4426368474960327,1.1548597812652588,1.9071016311645508,1.4468661546707153,1.1041624546051025,0.9115022420883179
0,0,1.5336132049560547,0.8043036162853241,0.4951624423265457,0.41146986186504364,0.13978524506092072,0.38238726556301117,0
0,0,0,0,0,0,0,0,0
4.148646831512451,0,2.7356317043304443,1.4338067770004272,2.043269395828247,1.746701955795288,0,1.9481326341629028,0.9353092908859253
0,0,1.7088350057601929,1.2208539843559265,1.021921545267105,0.7580330073833466,1.1755746006965637,0.3451383113861084,0
0.27961302548646927,0.37302206456661224,0.436569944024086,1.182670772075653,1.1683411598205566,1.0266187489032745,0.8366129100322723,0.882841169834137,1.3308451175689697
0.8325343132019043,0,0.5588295310735703,0.5452337861061096,0.07780840992927551,0.2362183928489685,0.49486561119556427,0.5927153527736664,0.3766426742076874
0.2741253525018692,0,0.36984729766845703,0.43853898346424103,0.3041662871837616,0.563224583864212,0.5335083603858948,0.8436751663684845,0.8619180023670197
0.06798405200242996,0,0,0,0,0,0,0,0
0.42596596479415894,0.08656471222639084,0.37030550837516785,0,0,0.5033598244190216,0.6438622772693634,0.849181741476059,0.9300674200057983
0.06015998311340809,0,0.35528238117694855,0,0,0,1.2881941199302673,0.5272234380245209,0
0.14785604178905487,0,0.3061726689338684,0,0,0,2.4669997692108154,2.9649524688720703,2.9852209091186523
0.4249614328145981,0,0.7427729368209839,0.433749720454216,0,0.2439861297607422,2.5801804065704346,1.5919488668441772,1.7500250339508057
0.26249176263809204,0,1.0696465969085693,1.90494704246521,1.1687116622924805,1.295212984085083,2.3829939365386963,2.090545415878296,1.7596840858459473
0.3727015405893326,0,0.7223314344882965,1.0036935210227966,0.7299385964870453,0.9214152991771698,1.9897031784057617,1.883336365222931,1.319135308265686
18.34183120727539,13.156726837158203,9.152775764465332,8.935791015625,7.708979606628418,9.162351608276367,0,8.909088134765625,7.299234390258789
2.7446253299713135,3.5402042865753174,2.7063047885894775,2.987724781036377,0.6779025197029114,2.829442024230957,0.9030722379684448,3.3558411598205566,3.2628333568573
0.38182109594345093,0.8010825514793396,0,0.983870804309845,2.4637370109558105,3.278075695037842,3.9394054412841797,3.2640604972839355,3.5744924545288086
0.26733455061912537,0,0.42769867181777954,0.7590958476066589,0.5244977474212646,0.8698371052742004,1.3777744770050049,1.7990864515304565,1.4425537586212158
0,0,0,0,0,0,1.7250432968139648,1.6375551223754883,0.5841611623764038
0,0,0,0,0,0,0,0,0
0,0,0.2387491911649704,0,0.2863041162490845,0.5373717546463013,1.9348454475402832,1.6105220317840576,1.0788910388946533
0.36559370160102844,0,0.9749611616134644,1.0143325328826904,0.8134849667549133,0.8196777701377869,1.3741143941879272,2.1050631999969482,1.666094183921814
0.2683154344558716,0,0.37050703167915344,1.1139857172966003,0.8095624148845673,1.7107713222503662,2.1363508701324463,2.964049816131592,2.2941031455993652
0.10977195203304291,0,0.4176693260669708,0.5658223628997803,0.5909829139709473,1.0546919107437134,0.7994135022163391,0.5630344152450562,0.9250459671020508
2.7196578979492188,1.6015319228172302,2.8511171340942383,3.6908843517303467,4.482228994369507,4.332529783248901,4.373916864395142,2.3391820192337036,4.595387935638428
1.2833462953567505,0,1.606105089187622,1.259063959121704,1.0407828092575073,1.8813296556472778,1.5222487449645996,2.252244234085083,2.4740538597106934
0.15390260517597198,0,0,0,0,0.2139233499765396,0.3017668128013611,0.39056551456451416,1.4703115820884705
0.42521408200263977,0,0.39341922104358673,0.430882066488266,0.20357724279165268,0.4856775403022766,0.6904654800891876,1.2002967596054077,1.4703115820884705
0.7136251628398895,0,0,0.6457869410514832,0.30985206365585327,1.1211525201797485,1.1151745319366455,1.9884796142578125,1.3223797678947449
2.06243896484375,0,0,0,0,0,0,0,0
0,0,0,0,0,0,0,0,0
0,0,0,0,0,0.6324172019958496,1.1648352146148682,0.8164561986923218,0
0.9623683989048004,0,0,0,0,0,0,0,0
0,0,0.440208837389946,0.18272282928228378,0.32971498370170593,1.766606092453003,1.6617808938026428,1.1445401310920715,0.5351755917072296
0,0,0,0,0,0,0,0,0
0,0,0,0,0,0,0,0,0
0,0,0,0,0,0,0,0,0
0,0.8228866159915924,0,0,0.45235343277454376,1.2488877177238464,1.1707810759544373,2.1982834339141846,1.3014514446258545
0,0,0,0,0,0.9671317338943481,1.051369458436966,0.4082280993461609,0
0,0,0,0,0,0,0,0,0
1.9227901697158813,0,0.880318284034729,1.3157713413238525,0.8734172582626343,0,0,0,0
0.42119601368904114,0,0.2449638992547989,0,0.15836284309625626,0,0,0,0
0,0,0,0,0,0,0,0,0
0.10190311819314957,0,0.35316532850265503,0.4758797883987427,0,0,0,0,0
0,0,0,0,0,0,0,0,0
0,0,0,0,0,0,0,0,0
0.5430111885070801,0,0.41409602761268616,0.09658035635948181,0,0,0,0,0
0,0,0,0,0,0,0,0,0
1.3090184926986694,0,0.940834105014801,0.7538518905639648,0.4956890344619751,0.32566037774086,0.306095153093338,0.44663748145103455,0
0,0,0,0,0,0,0,0,0
1.691453456878662,0,1.3474586009979248,1.0093473196029663,0.8398542404174805,1.119032859802246,0.29157117009162903,1.324878215789795,0.8134276866912842
0,0,0,0,0,0,0,0,0
0,0,0.3128889352083206,0.7362510561943054,0.6498956084251404,0.4081171154975891,1.2594591975212097,2.0407592058181763,1.9028100967407227
0,0,0,0,0.40499551594257355,0.18934091925621033,1.010515809059143,0.7644977867603302,0.6534042954444885
0,0,0.15882465243339539,0.41871047019958496,0,0.7897495031356812,2.8225061893463135,2.605459690093994,1.7403647899627686
0,0,0,0,0,0.41586798429489136,1.2209811210632324,1.2538808584213257,0.8678767681121826
0,0,0,0,0,0,0,0,0
0,0,0,0,0,0.1578369140625,0,0,0
0.45464563369750977,0.06095220893621445,0.322132408618927,0.41913431882858276,0.07950661331415176,0.48233526945114136,0.4403819441795349,0.43860962986946106,0.4813516139984131
0,0,0,0.269864022731781,0.3361751437187195,0.45726823806762695,0.4033524990081787,0.8052892684936523,0.8253657221794128
0.6570420563220978,0.48098258674144745,0.5965725779533386,0.5857018530368805,0,0,0,0,0
0,0,0,0,0,0,0,0,0
1.169875144958496,0.8629145622253418,0.4439663887023926,0,0,0,0,0,0
0,0,0,0,0,0.6810270845890045,0,0,0
0,0,0,0,0,0,0,0,0
0,0,0,0,0,0,0,0,0
0,0,0,0,0,0,0,0,0
0,0,0,0,0,0,0,0,0
0,0,0,0,0,0,0,0,0
0,0,0,0,0,0,0,0,0
1.8599249720573425,2.4081220626831055,2.17704975605011,2.4646737575531006,1.490391731262207,1.849052369594574,2.4463634490966797,2.881739616394043,2.0456788539886475
5.273626089096069,2.316333770751953,0.4941735863685608,0.7768819034099579,0.4460558518767357,0.7014230787754059,0.9994769394397736,0.8804076313972473,0.8336227536201477
0.5887272953987122,1.4543971419334412,1.2010248303413391,1.1949702501296997,0.6412356197834015,1.0479055643081665,1.2341851592063904,1.5357896089553833,0.5722612142562866
0,0,0,0,0,0,0,0,0
0,1.327793836593628,1.1232092380523682,1.1462211608886719,0.8108501732349396,1.0114329159259796,1.5701030492782593,1.8953731656074524,1.7501602172851562
0.9936670660972595,4.305008411407471,4.313084125518799,2.7733278274536133,2.4215686321258545,4.372751712799072,10.235815048217773,15.227575302124023,8.173182487487793
0,0,0,0,0,0,0,0,0
0,0.8622081875801086,0.9621247947216034,0.8509615659713745,0.5472509562969208,0.9489180147647858,1.39117032289505,1.956705093383789,1.4772501587867737
0,0,0,0,0,0,0,0,0
0,0,0,0,0,0,0,0,0
0,0,0,0,0,0,0,0,0
0,0,0,0,0,0,0,0,0
0,0,0,0,0,0,0,0,0
0,0,0,0,0,0,0,0,0
0,0,0,0,0,0,0,0,0
0,0,0,0,0,0,0,0,0
0,0,0,0,0,0,0,0,0
0,0,0,0,0,0,0,0,0
1.3584623336791992,2.5136070251464844,1.2169584035873413,0.7572391629219055,0,0.5924232006072998,0,0,0.6568363904953003
0,0,0,0,0,0,2.8670735359191895,0,0
0,0,0,0,0,0,0,0,0
0,0,0,0,0,0,0,0,0
0,0,0,0,0,0,0,0,0
0,0,0,0,0,0,0,0,0
0,0,0,0,0,0,0,0,0
0.8948312997817993,0.9045953154563904,0.7598609328269958,0.9489567875862122,0.6275321841239929,1.1407392024993896,0.9175676703453064,1.0178513526916504,1.0747566223144531
0,0,0,0,0,0,0,0,0
0,0,0,0,0,0,0,0,0
0,0,0,0,0,0,0,0,0
0,0,0,0,0,0.5306869447231293,0.9136896133422852,0.8973577916622162,0
1.8990068435668945,1.923322319984436,1.767845332622528,0.48669709265232086,0,0.9329734742641449,1.3587651252746582,3.065116763114929,2.3027801513671875
0,0,0,0,0,0,0,0,0
0,0,0,0,0,0,0,0,0
0,0,0,0,0,0,0,0,0
0.8535142540931702,0,1.885015845298767,1.0988801717758179,1.6236814856529236,1.7855618000030518,2.0410900115966797,2.457698941230774,2.2126338481903076
1.6134625673294067,0,2.1346089839935303,2.4072933197021484,4.384852409362793,6.715834379196167,13.13042402267456,11.137279033660889,7.219988822937012
1.0652484893798828,1.6910059452056885,0.9307013750076294,0.9060323238372803,0.3237674832344055,1.0781681537628174,0.8575282096862793,0.7883715629577637,0
0.2987178564071655,0.8857245445251465,0.6359429359436035,0.7745099663734436,0,0.4333415925502777,0,0,0
0.44980961084365845,1.542332649230957,0.7484340071678162,1.544601321220398,0.6493023633956909,1.409348726272583,1.6096830368041992,0.8118164539337158,0.6050739288330078
0.3412212133407593,0,0.6892856955528259,0.5588120818138123,1.0689365863800049,1.5346505641937256,1.6806401014328003,1.4022360444068909,1.0046473741531372
0,0,0.28429001569747925,0.3642658591270447,0,0,0.4261224865913391,0.502792477607727,0.7214635610580444
0,0,0,0,0,0,0,0,0
0,0.2486046403646469,0.5903913378715515,0.5173968076705933,0.417450487613678,0.3467385172843933,0.7886314988136292,0.5844763517379761,0.4497567415237427
0.26084375381469727,0.20920796692371368,0.7715440988540649,0.4779238849878311,0,0.25373218953609467,0.14321309328079224,0.3232361525297165,0
5.043551921844482,4.73209285736084,7.015775203704834,6.072671413421631,3.3495068550109863,4.240588665008545,0,3.752289056777954,3.0108590126037598
4.93585205078125,0,10.919404029846191,8.22925329208374,4.410933017730713,4.447479248046875,0,4.308475494384766,2.1446378231048584
4.151239633560181,0,8.647870540618896,6.373547554016113,3.4385600090026855,3.168805241584778,0,3.114910364151001,1.8244258761405945
0,0,0,0,0,0,0,0,0
0,0,0,0,0,0,0,0,0
0,0,0,0,0,0,0,0,0
0,0,0,0,0,0,0,0,0
0,0,0,0,0,0,0,0,0
0,0,0,0,0,0,0,0,0
0,0,0,0,0,0,0,0,0
0,0,0,0,0,0,0,0,0
2.09598708152771,1.9345546960830688,2.01842999458313,2.218993663787842,1.4939980506896973,1.4891068935394287,2.1737723350524902,2.108181953430176,1.9960658550262451
0,0,0,0,0,0,0,0,0
1.0351548492908478,0,0,0,0,0,0,0,0
1.0607060194015503,1.0077229738235474,1.6902101039886475,0.9962937235832214,0.8013073205947876,1.2397387027740479,1.1355092525482178,1.2633702754974365,1.1705334186553955
0,0,0,0,0,0,0,0,0
0.8490839898586273,1.0098310708999634,1.094560146331787,1.0590699315071106,0.6849596500396729,0.7066594958305359,0.6195167899131775,0.6274230480194092,0.1593683362007141
1.0489317774772644,0.8254231214523315,0.7483185231685638,0.8348810076713562,0.6113939881324768,0.8796558082103729,0.7347938716411591,0.9215624630451202,1.0455840826034546
1.8915508389472961,0,0,0,0,0,0,0,0
0.10302386432886124,0.219336599111557,0.4567381292581558,0.10982056707143784,0.07075946778059006,0.08270172029733658,0,0.12744370102882385,0
0.3658800721168518,0.5161190032958984,0.13099715113639832,0,0,0,0,0,0
0,0,0,0,0,0,0,0,0
1.1929987668991089,0.5439144968986511,1.1881556510925293,1.2359354496002197,0.6849168539047241,0,0,0.8278542757034302,0.7643662691116333
0,0,0,0,0,0,0,0,0
0,0.7968229055404663,0,0,0,0,0,0,0
0,0,0,0,0,0,0,0,0
0,0,0,0,0,0,0,0,0
0,1.0793917179107666,0,0,0,0,0,0,0
0.5336673259735107,0.47235727310180664,0.9263930320739746,0.6898990273475647,0,0,0,0.9775400161743164,0.7963559627532959
0,0.03756178542971611,0.7495549917221069,1.2335468530654907,1.2239134311676025,2.0043673515319824,3.028550624847412,3.4634294509887695,2.271099805831909
0.8931089341640472,1.0128565430641174,1.1326854825019836,1.2614285945892334,1.299077033996582,1.25371515750885,1.4824801683425903,1.3255857825279236,1.2203790545463562
0.8174368143081665,0.7330020070075989,0.94322669506073,0.7676527500152588,0.5852453112602234,0.7262281179428101,0.9507238864898682,0.9004079699516296,0.8150416612625122
0.7739929556846619,0.7527717351913452,1.658782958984375,3.054882526397705,2.549257278442383,1.2534260749816895,2.7979393005371094,1.7774256467819214,1.9328746795654297
1.5704429149627686,0.9079447090625763,2.2614766359329224,2.8499395847320557,1.3285179734230042,1.8189448118209839,2.24322509765625,1.8708470463752747,1.1055993437767029
1.582236886024475,1.675858736038208,2.8363428115844727,2.0874767303466797,1.1273695230484009,1.275708794593811,1.2919673919677734,1.3107596635818481,0
0,0.37638142704963684,0.8187991976737976,0,0,0,0,0,0
0,0,0,0,1.0237621665000916,2.525068163871765,1.9341242909431458,2.1281388998031616,1.0895915031433105
1.0041235387325287,0.5640127062797546,0.967372715473175,0.7220286130905151,0.18696193397045135,0.5002622455358505,0.9814186692237854,0.9349831938743591,0.6082060635089874
0,0,0,0,0,0,0,0,0
0.6709930896759033,0.6076429486274719,0,0,0.4870312809944153,0,0,0,0
0.9560770988464355,0.6389018297195435,0.879558265209198,1.0653637051582336,0,0,0,0.9393610656261444,0.7854307889938354
1.3101723194122314,0.9478490352630615,0.5830746293067932,0.9004040360450745,0,0,0,0,0
0,0,0,0,0,0,0,0,0
0,0,0.26887550950050354,0,0,0,0,0,0
0,0,0.5377510190010071,0,0,0,0,0,0
0.5390143394470215,1.1836074590682983,1.657622754573822,0.8693820536136627,0.5553324520587921,0.8505279123783112,0.9942886829376221,0.9255723059177399,0.7960145473480225
0.3680621385574341,0.7136827111244202,1.9005417823791504,1.1075050830841064,0.23897485435009003,1.7439711093902588,0.9693014621734619,0.5605883598327637,0
0,0,0,0,0,0,0,0.843378096818924,0.8598985970020294
0,0,1.1852495074272156,1.510718584060669,1.9986422657966614,1.7705535888671875,1.5260887742042542,2.3583191633224487,2.0746861696243286
0,0.6534456014633179,0.6271548271179199,0.5570576786994934,0,1.8153258562088013,1.5448555946350098,1.2025821208953857,1.1547225713729858
0,1.3959792256355286,2.088777720928192,1.538114070892334,0.4659087359905243,0.6244544088840485,0.5690624713897705,0.3151043653488159,0
0,2.4029091596603394,4.312634587287903,6.746417045593262,6.113156795501709,3.06546688079834,4.518924951553345,5.970745801925659,6.069386720657349
0.4442776143550873,0.5131156593561172,0,0,0,0.3756992220878601,0.396040678024292,0.37351712584495544,0
0,0.5412634611129761,0.42026761174201965,0,0,0.7513984441757202,0.8081320524215698,0.7655159831047058,0.7550554275512695
0,0,0,0,0,0,0.8734737634658813,0.7655159831047058,1.152798056602478
0.47127601504325867,1.0917122960090637,1.8339584469795227,1.0821213126182556,0.7650456726551056,2.616581082344055,6.285895824432373,5.363282918930054,2.640500783920288
0,0,0,0,0,0,0.6982686221599579,0.6383213996887207,0
0.34484487771987915,1.3019068241119385,1.5936460494995117,0.9136627912521362,0.8333448767662048,1.5236215591430664,1.7150187492370605,1.3659217357635498,1.0234121084213257
0.7391917109489441,0.9511423110961914,1.5285429954528809,0.7644262909889221,0.48800167441368103,1.8153258562088013,1.626098871231079,1.6587165594100952,1.2422369718551636
0.6415475606918335,0.5897117853164673,0.9584970474243164,0.8762015700340271,0.5497426390647888,0.8378467559814453,0.7935445308685303,1.197257399559021,0.7178061604499817
0,0.6378851532936096,1.240422785282135,0.48081354796886444,0,0.7089647948741913,1.5200154781341553,1.320807158946991,0.7281492650508881
0.2344963550567627,0.48763227462768555,0.6415339112281799,1.5223301649093628,1.041820764541626,2.061509847640991,1.470544695854187,2.1763007640838623,1.2910759449005127
0.24008795619010925,0.4250652492046356,0.45287370681762695,0.8654175996780396,0.7961815595626831,2.0388779640197754,2.7801880836486816,2.341794013977051,1.157812476158142
0.41338083148002625,0.6722428798675537,1.1938652992248535,1.1269429922103882,0.30501222610473633,3.2132139205932617,4.707485675811768,1.3596885204315186,0.8058155179023743
1.4641266465187073,2.2526602745056152,2.854809284210205,2.823517084121704,2.49555766582489,2.382286787033081,3.0654354095458984,3.4876368045806885,2.6783859729766846
0,0.38908490538597107,0.6117526888847351,0.2789084315299988,0,0.8141467273235321,0.9205271303653717,0,0
0,0,0,0,0,0,0,0,0
0,0,0,0,0.2096662074327469,0.5907541811466217,0.7537276446819305,0.9441953599452972,0.5143890231847763
0.2763495668768883,0.6064634323120117,0.6913751065731049,0.5588487386703491,0.470465824007988,0.680250495672226,0.8862239420413971,0.8760557174682617,1.0052854418754578
4.292025089263916,1.6302077770233154,14.2769775390625,12.136415481567383,8.258103370666504,10.54793643951416,6.411006927490234,11.34726333618164,15.544382095336914
0,0.9291751980781555,1.3920120000839233,1.1986511945724487,1.0438363552093506,1.8271903991699219,1.7269313335418701,2.686948537826538,3.300800323486328
0,0,0,0,0,0,0,0,0
0,0.9274009168148041,1.97072172164917,1.3249102234840393,1.6169936060905457,1.3006623983383179,1.6183719038963318,5.223627090454102,3.372205138206482
0.3211629390716553,0.4952191710472107,1.0619773864746094,0.32633811235427856,0.2591077983379364,0,0.8636534214019775,2.0042593479156494,1.9674550294876099
0,0.6486222743988037,1.3697800636291504,0.9582232236862183,1.1061656475067139,0.958271861076355,1.170153260231018,1.6862611770629883,1.5774660110473633
0,0,0,0,0.26624054461717606,0.6050220131874084,0.8481969833374023,1.2893560528755188,0.6830029785633087
0,0,0,0,0.12898024916648865,0.538290798664093,0.5422788858413696,0.6520135998725891,0.42969396710395813
0,0,0,0,0,0,0,0,0
0,0,0,0,0,0,0,0,0
0,0.5300011783838272,0.21543730795383453,0,0,0,0,0,0.28345638513565063
0.7013607621192932,0.9986900687217712,2.449974775314331,1.9937322735786438,0.8694125413894653,0.8148597180843353,0.557112991809845,0.8281658291816711,0.6507880091667175
0.41558077931404114,0.8226107656955719,1.5099312663078308,0.8572328090667725,0.5370730757713318,0.6547824144363403,0.6597059667110443,0.5872790515422821,0
0,0,1.082000732421875,0,0.5514715611934662,0,0,0,0
0,0.6532695293426514,1.6565471291542053,0.9169628024101257,0.7462944090366364,0.48444128036499023,0.8852270543575287,1.1148474216461182,0.9438430070877075
0,0,1.2835302352905273,0,0.6033890843391418,0,0.8581291437149048,0,0.7920467853546143
0.6811054348945618,0.6326627433300018,0.9813519418239594,1.096468985080719,0.9240298271179199,1.192345678806305,1.3989718556404114,1.5419897437095642,1.3380730748176575
1.47621750831604,0.9038205146789551,2.413186550140381,2.054058790206909,0.6629608869552612,0.7590180039405823,1.0818028450012207,0.9929459691047668,0.9385615587234497
0.6817888617515564,0.6012582778930664,0.523637980222702,0,0,0,0,0,0
0,0,0,0,0,0,0,0,0
3.8055081367492676,1.1772257089614868,3.744300365447998,3.447326898574829,4.464881420135498,5.890590667724609,4.565876483917236,5.622065544128418,6.403421878814697
0.7263586819171906,1.0958342552185059,0.7516959309577942,1.0055213272571564,0.8053566217422485,1.0267452001571655,1.0004633963108063,1.3328378200531006,1.0195199847221375
1.0057244300842285,0.5855154395103455,0.8195042610168457,1.0777474641799927,0.7852325439453125,0.9413296580314636,0.9355797171592712,1.6384913921356201,2.2482781410217285
0,0,0,0,0,0,0,0,0
0,0,0,0,0,0,0,0,0
0,0,0,0,0,0,0,0,0
0,0,0,0,0,0,0,0,0
1.3224709033966064,1.0005129873752594,1.7939761877059937,1.9658441543579102,2.824769377708435,2.862539529800415,2.806288957595825,2.6217535734176636,1.508547604084015
0,0,0,1.0739048719406128,1.0265480279922485,1.1976807117462158,0,0,0
1.3146411180496216,0.187620148062706,0.6490410566329956,0.5313511490821838,0.3196796476840973,0.7556756734848022,1.0339610576629639,0.5668735504150391,0
0,0,0,0,0,0,0,0,0
0,0,0,0,0,0,0,0,0
0.5926229655742645,0.06770171225070953,0.14947137236595154,0,0,0,0,0,0
0,0,0,0,0,0,0,0,0
2.167304277420044,0.6848626732826233,2.0751856565475464,1.7097126245498657,1.6189188957214355,2.266659379005432,2.449141502380371,1.6056947708129883,0
0,0,0,0,0,0,0,0,0
0,0,0,0,0,0,0,0,0
0,0.13138864934444427,0.16751103103160858,0,0,0,0,0,0
0.5211013555526733,0.07470037322491407,0.39814022183418274,0,0,0,0,0,0
0.8183605968952179,0.1868615821003914,1.405370831489563,0,0,0,0,0,0
0,0,0,0,0,0,0,0,0
0.8573966026306152,0.8933768272399902,0.6786794662475586,0,0,0,0,0,0
1.3003124594688416,0.5090399980545044,0.5919192135334015,0.7667096555233002,0.9042636752128601,1.0092940032482147,1.2369471192359924,1.04307159781456,0
0,0,0,0,0,0,0,0,0
0,0,0,0,0,0,0,0,0
0.8888471126556396,0,0.24641752243041992,0,0,0,0,0,0
0,0,0,0,0,0,0,0,0
0,0,0,0,0,0,0,0,0
1.410567283630371,0.7009494304656982,1.9089534282684326,1.6864417791366577,0.9952404499053955,1.4201313257217407,1.9306704998016357,2.068511486053467,1.4390904903411865
0.34288424253463745,0,0,0,0,0,0,0,0
0,0.4441901296377182,0,0,1.0213435888290405,1.6858701705932617,1.0235515832901,1.2254717946052551,1.1396304965019226
0,0,0,0,0,0,0,0,0
0,0,0,0,0,0,0,0,0
0,0,0,0,0,0,0,0,0
0.5612229406833649,1.3366210460662842,0.8441000878810883,0.9836416244506836,0.8372783064842224,1.104788064956665,0.817955493927002,1.2007095217704773,1.2138676047325134
0,0,0,0,0,0,0,0,0
0.9452232122421265,0,0,0,0,0,0,0,0
0,0,0,0,0,0,0,0,0
0,0,0,0,0,0,0,0,0
1.5897642374038696,0.9359645247459412,1.6195989847183228,1.6833203434944153,1.0473161339759827,1.349381446838379,1.5689128041267395,1.5472986698150635,1.6426957249641418
0,0,0,0,0,0,0,0,0
0,0,0,0,0,0,0,0,0
0,0,0,0,0,0,0,0,0
0.8487155735492706,0.9604088068008423,1.7606922388076782,1.4254080653190613,1.2699402570724487,1.3574259281158447,1.0087897181510925,1.0874775648117065,0.9445876479148865
0,0,0,0,0,0,0,0,0
0,0,0,0,0,0,0,0,0
0.5158066153526306,0.5619308352470398,0.8845087885856628,0.9002009630203247,0.8226197957992554,1.7989020347595215,2.2197537422180176,1.446834683418274,0.9732025265693665
0,0,0,0,0,0,0,0,0
0,0,0,0,0,0,0,0,0
0,0,0,0,0,0,0,0,0
0.8725563287734985,0.5353411436080933,0.4983210861682892,0,0,0,0.32498249411582947,0,0
0.6486908793449402,0.5600019693374634,0,0,0,0,0,0,0
1.9741696119308472,0.8907040059566498,0.8827679455280304,0.6565870046615601,0.5204792469739914,0.6827828884124756,0.8343362212181091,0.8375695943832397,0.7220223546028137
0,0,0,0,0,0,0,0,0
0,0,0,0,0,0,0,0,0
0,0,0,0,0,0,0,0,0
0,0,0,0,0,0,0,0,0
0,0,0,0,0,0,0,0,0
0,0,0,0,0,0,0,0,0
1.0683204531669617,0,0,0,0,0,0,0,0
2.1420130729675293,0,0,0,0,0,0,0,0
0,0,0,0,0,0,0,0,0
0,0,0,0,0,0,0,0,0
0,1.2726694345474243,2.135974168777466,2.3255051374435425,2.32509845495224,1.9987675547599792,2.918568730354309,3.539587676525116,2.2534305453300476
0.30600540339946747,0.7807570397853851,1.0561257600784302,0.8226420879364014,1.5629092454910278,0.9029792547225952,3.6844701766967773,3.537089467048645,4.036570906639099
0,1.0300512909889221,2.0606900453567505,2.585797607898712,2.3153859972953796,2.4023801684379578,2.864377498626709,4.2503821849823,2.4267331957817078
0.4349178373813629,1.1354442834854126,2.366992473602295,3.1408963203430176,2.476606607437134,2.069699287414551,3.561460256576538,5.936511993408203,4.656158924102783
0.033181700855493546,0.5026799291372299,1.353631615638733,0.7783175110816956,0.9201855957508087,0.2868526577949524,2.1007484793663025,0.9988712966442108,1.136894166469574
0.8227068483829498,1.2834726572036743,1.104648768901825,1.1426402926445007,0.7640594244003296,0.9390875101089478,1.3625901341438293,1.3201091885566711,1.373112440109253
0,0.2714540958404541,0,0,0,0,1.7150803804397583,0.8563505113124847,6.149184703826904
0.5699948817491531,0.7573884725570679,0.6893457770347595,0.9157851934432983,0.48618146777153015,0.753629058599472,1.6050843596458435,1.4155415892601013,1.0493764877319336
1.740859031677246,0.881801962852478,1.641979455947876,1.3129322528839111,1.1198070049285889,1.767851710319519,2.1905012130737305,1.5117624998092651,1.8930047750473022
0.6432875692844391,0.47740282118320465,0.6729491353034973,0.6593026518821716,0.4539024233818054,0.8540958166122437,1.0854785442352295,0.9730055034160614,0.9908830225467682
0.2197589874267578,0.4779023677110672,0,0,0,0,0.7108307182788849,0.9938409328460693,1.1357133984565735
0.23358117043972015,0.7573884725570679,0.7246701717376709,0.816978931427002,0.5227472484111786,0.7228441834449768,1.1033844947814941,1.007135033607483,0.8414491415023804
0.07969760149717331,0,0,0,0,0,0,0.8281160891056061,1.0088326334953308
0,0,0,0,0,0,0,0,0
0,0,0,0,0,0,0,0,0
0,0,0,0,0,0,0,0,0
0.9095028638839722,0.9136185050010681,1.0215566158294678,1.2139264345169067,0.8560165166854858,1.2803645133972168,0.7597740888595581,0.8340699076652527,0.8052985072135925
0,0,0,0,0,0,0,0,1.1625136137008667
1.0665636658668518,0.7497631013393402,2.493752360343933,2.0665394067764282,1.5757859945297241,1.8527111411094666,1.1960105299949646,1.056371957063675,0.6973795592784882
1.0701574087142944,1.1825805306434631,1.7962606549263,1.5065497159957886,0.9409271478652954,1.078416109085083,1.30458003282547,1.7028345465660095,1.5342724919319153
0.9592106938362122,1.555016040802002,2.4046473503112793,2.3878746032714844,1.8532156944274902,1.8425958156585693,2.265429973602295,2.6415302753448486,2.05788516998291
0.448417067527771,1.1354442834854126,2.1685640811920166,3.085222363471985,3.200823187828064,2.885284185409546,3.8177117109298706,6.1991868019104,4.313480615615845
0,0,0,0,0,0,0,0,0
0.6919285655021667,0.8788206577301025,1.2979497909545898,1.539487361907959,1.0179452896118164,1.4717166423797607,1.8972809314727783,0.9767457842826843,0
0.540597140789032,0.8849411606788635,0.8412610292434692,0.9987785816192627,0.8997948169708252,1.1202579736709595,2.5599374771118164,1.681746006011963,1.4621115922927856
0,0,0,0,0,0,0,0,0
0,0.4989771842956543,1.2104287147521973,1.1979477405548096,0.7346584796905518,0.599010705947876,0.6665732264518738,0.7604056596755981,0.6695752143859863
0.784844696521759,0.6891348958015442,1.0344024896621704,1.1170845031738281,1.0345958471298218,1.0386840105056763,0.8075743913650513,0.9638378024101257,0.8317084312438965
1.7541258335113525,1.1393396258354187,3.1131502389907837,3.2017791271209717,1.6096609234809875,1.6981579065322876,1.9946715235710144,1.592395842075348,0.9779042899608612
0,0.14209453761577606,0.764648973941803,0,0,0,0,0.7337079048156738,0
0.7533983290195465,1.0126980543136597,1.748779833316803,1.3775596022605896,0.9156140685081482,1.355756402015686,1.8360595703125,2.0251322984695435,1.4547297954559326
0.7220925986766815,0.5577380955219269,0.6699270904064178,1.036068320274353,0.6966990232467651,0.7993710935115814,0.8751814663410187,0,0.8509604632854462
1.0592154264450073,1.0154406428337097,1.4782108664512634,1.585395097732544,1.1353431344032288,1.2067680954933167,1.4122101068496704,1.1681723594665527,0.9010974764823914
0.40122783184051514,0,1.1304669380187988,0.6464354991912842,0.6327543258666992,0.8096529841423035,0.8813539743423462,0.9121466875076294,0.8091155886650085
0.19303473830223083,0.5371147096157074,1.1919381022453308,1.1923882961273193,0.48763105273246765,0,0,0,0
0,0,0,0,1.0235902070999146,0,0,0.4526812732219696,0
1.286375880241394,1.0557332038879395,1.3750944137573242,1.6473276615142822,0.7576269507408142,1.715498685836792,1.8849520683288574,1.2772150039672852,0.7887386083602905
1.2710804343223572,1.7169035077095032,2.2001426219940186,1.7240505814552307,1.633606731891632,1.4190860390663147,2.054179310798645,1.4952704906463623,1.0146129131317139
1.0133057832717896,1.3860713243484497,0,0,0,0,0,0,0
2.3239009380340576,0.9018349051475525,0.817451000213623,0.886966347694397,0.8645707964897156,0.9062967598438263,1.0226465463638306,1.1511363983154297,1.0633100271224976
0.3355630338191986,0.6906558275222778,0.7437809407711029,0.3171364367008209,0,0,0,0.4437544643878937,0
0,0,0,0,0,0,0,0,0
0,0,0,0,0,0,0,0,0
1.2155972719192505,1.307541847229004,1.4731242656707764,1.2791014909744263,0.765158474445343,0,0,0.7701190710067749,0.6611843109130859
0.9432076513767242,1.1902375221252441,1.5789459943771362,0.5903752446174622,0,0,0,0,0.31483954191207886
1.7144511938095093,0.7985121607780457,3.2291886806488037,2.260079860687256,1.7741458415985107,2.313750743865967,1.893484354019165,3.395329236984253,3.743638515472412
0.812335729598999,1.2209718227386475,1.81252121925354,1.2484742999076843,1.0365190505981445,1.1219964027404785,1.1223995685577393,1.5760613679885864,1.531555712223053
0.7262843251228333,0.7020294666290283,1.7120845317840576,0.9245749115943909,0.596345067024231,0,0.8961885571479797,1.0694239139556885,0
0.3330985754728317,0.717964231967926,0.32523980736732483,0.3344480097293854,0.21975607424974442,0.50998455286026,0.5853021442890167,0.659500926733017,0.7457323670387268
0,0.21603794395923615,0,0.2996005415916443,0.6792787909507751,0.5342661142349243,0,0.5870907306671143,0
1.0249184966087341,1.3634548783302307,0.6816369891166687,0.3912309557199478,0,0,0,0,0
0,0,0,0,0,0,0,0,0
0.3268532305955887,0.41217057406902313,0.1572914868593216,0.18277427554130554,0,0,0,0,0.26765868067741394
0,0.5805665850639343,0,0,0,0.6272643804550171,0.9189920425415039,1.1633765697479248,1.825038194656372
0,0.5586037337779999,0,0,0,0,0.24922430515289307,0,0
0,0.2780076265335083,0,0,0,0.6785328090190887,0.6250546276569366,0.7737533748149872,1.1385577917099
0,0.8364913761615753,0,0,0,0,0,0,0
0.10159541666507721,0.09205043315887451,0.1492016762495041,0.09749521315097809,0,0.09198927134275436,0,0,0
0,0.6753202676773071,0,0,0,0,0,0.5266757607460022,0.8235458731651306
0.7352447509765625,0.9257571399211884,0.6252229511737823,0.4413958191871643,0,0,0,0,0.20542338490486145
0,0,0,0,0,0,0,0,0
0,0,0,0,0,0,0,0,0
0,0,0,0,0,0,0,0,0
0,0,0,0,0,0,0,0,0
0.6775208413600922,0.08349977433681488,0.16461902856826782,0.42445212602615356,0.668969601392746,0.47793048620224,0.7378784418106079,0.6551684439182281,0.8092394471168518
0,0,0,0,0,0,0,0,0
0,0,0,0,0,0,0,0,0
0,0,0,0,0,0,0,0,0
0,0,0,0,0,0,0,0,0
0,0,0,0,0.3111519515514374,1.4115803241729736,1.8506007194519043,3.047257900238037,1.5738020539283752
0,0,0,0,0,0,0,0,0
1.7467479705810547,0.6593120694160461,0.6929813623428345,0.9075171947479248,0.6219527125358582,0.8835697174072266,1.20491361618042,1.3759475946426392,1.4658689498901367
0,0,0.13522203266620636,0.21362048387527466,0,0,0,0,0.25509294867515564
0.41462357342243195,0.5893029570579529,1.339509904384613,1.0255355834960938,0.18990696966648102,0,0.2283819168806076,0.2698853611946106,0.6821204721927643
0.4365440607070923,0,0.10210321098566055,0,0,0.4587556719779968,0.6529648900032043,0,0
0,0,0,0,0,0,0,0,0
0,0,0,0,0,0,0,0,0
0,0,0,0,0,0,0,0,0
0,0,0,0,0,0,0,0,0
0.33231115341186523,0.41913585364818573,0.19783915579319,0.21755743026733398,0.15784449875354767,1.0005176663398743,0.3014778792858124,0,0
0,0.29212552309036255,0.4069406986236572,0.46720874309539795,0.36404356360435486,0.542829692363739,0.8587554097175598,1.006899356842041,1.2327271699905396
0,0,0.3116912841796875,0,0.39977946877479553,0,0.4730456471443176,0,0
0,0,0,0,0,0,0,0,0
0,0,0,0,0,0,0,0,0
0,0,0,0,0,0,0,0,0
0,0,0,0,0,0.6856733560562134,0,0,0
0.7156274020671844,0.16066660732030869,0.47766047716140747,0.23360437154769897,0.1610299050807953,0.2714148461818695,0.8241834044456482,0.6531746089458466,0.8232146799564362
0,0,0.5224876403808594,0,0,0,0,0,0
0.524490475654602,0,0.5377088189125061,0,0,0,0.19472162425518036,0,0.554734081029892
0.1564316749572754,0,0,0,0,0.6887735724449158,0.5709161758422852,0,0
0,0,0,0,0,0,0,0,0
0.16935895383358002,0,0,0,0,0.321977823972702,0.6484098136425018,0,0
0.521152913570404,0.247820183634758,0.3039086163043976,0.5364359617233276,0.3388078808784485,0.7357739210128784,0.6860848665237427,0.765285849571228,0.8689061403274536
0,0,0,0,0,0,0,0,0
0,0,0,0,0,0,0,0,0
0.38686975836753845,0.5262169241905212,0,1.0960094928741455,0.2135007232427597,0,0,0,0
0,0,0,0,0,0,0,0,0
0.806606113910675,0.7812165319919586,0.4405811280012131,1.0339497327804565,0.974766731262207,0.7895210683345795,1.025082290172577,1.158265769481659,1.1216588616371155
1.608189582824707,1.5122536420822144,2.239874839782715,2.6017903089523315,2.7009776830673218,2.5236252546310425,2.396676540374756,2.7788666486740112,2.5662999153137207
0.2690828740596771,0.4826127886772156,0.31827253103256226,0,0,0,0,0,0
0.3260490298271179,0.45559585094451904,0.4623713791370392,0.6512124538421631,0.7527536749839783,0.8020907044410706,0.9359399080276489,0.8240634202957153,0.9242518544197083
0.3186316192150116,0.5750506818294525,0.5706945955753326,0.6769251525402069,0.5577692091464996,0.6730742454528809,0.670333743095398,0.7843778133392334,0.7773853540420532
0.07718856632709503,0.4982740432024002,0,0,0.04556049406528473,0.18666210770606995,0.1769140660762787,0.1345522403717041,0.17349866032600403
0.5910953283309937,0.3945739418268204,0,0,0.07910393923521042,0.1871699094772339,0.22049051523208618,0.2675589621067047,0.27183428406715393
0,0,0,0,0,0,0,0,0
0,0,0.8062404990196228,1.0269723534584045,0.48672132194042206,1.1051271557807922,1.4201684594154358,1.5269498229026794,1.018102079629898
0,0.3024826645851135,0,0.4806514084339142,0.3938264548778534,0,0,0,0
0.3506689965724945,0.5189785659313202,0,0.8409056067466736,0.4714161604642868,0,0.6581684648990631,0.6212554275989532,0.6885214745998383
0.39622610807418823,0.6964951753616333,0.7877459526062012,1.13874351978302,1.0407661199569702,1.1211532354354858,1.6064159870147705,1.609885811805725,1.6814055442810059
1.0505684614181519,0,0,0,0,0,0,0,0
0,0,0,0,0,0,0,0,0.7668108344078064
0.3240991532802582,0.2381029725074768,0,0,0,0,0.6727687120437622,0.4906158447265625,0.5786082744598389
0.2269371747970581,0.13014492392539978,0,0,0,0,0.26014137268066406,0.3226209282875061,0
0,0,0,0,0,0,0,0,0
1.0633740425109863,0.4538714289665222,0.5333584547042847,0.638857364654541,0.513170599937439,0.7592047452926636,0.7557826638221741,0.8189390897750854,0.9675540924072266
0,0,0,0,0,0,0,0.7342730164527893,0.6627876162528992
0,0,0,0,0,0,0,0,0
0,0,0,0,0,0,0,0,0
0,0,0,0,0,0,0.6784713268280029,0,0.8418528437614441
0.36804109811782837,0.4550325870513916,0.4356100261211395,0.42681750655174255,0.42000120878219604,0.5630427598953247,0,0.5084463357925415,0.842225968837738
0,0,0,0,0,0,0,0,0
0.7537737786769867,0,0,0,0,0,0,0,0
0.3219742178916931,0,0,0,0,0,0,0,0
1.1799975633621216,0.34978771209716797,0.6612915992736816,0.5475120544433594,0.3931134343147278,0.8950295448303223,1.0336939096450806,1.0799256563186646,0.7898255586624146
0,0.4569534659385681,0.21602162718772888,0.4270131587982178,0,0,0.8968920707702637,1.2541615962982178,1.6351572275161743
0,0,0,0,0.2901720106601715,0,0.7766015529632568,0,0
1.7311476469039917,1.178573489189148,1.2996839880943298,1.4731359481811523,1.3451881408691406,1.702542006969452,1.9130041599273682,2.2067874670028687,2.396949291229248
1.9540941715240479,2.840684652328491,1.6681543588638306,1.8049111366271973,1.1879636347293854,0.6997956335544586,0.34152644872665405,1.154431700706482,2.28653621673584
6.7342915534973145,70.14849185943604,45.85813331604004,20.410696029663086,11.156174898147583,2.1664899587631226,1.9650394916534424,12.53067684173584,16.589813232421875
0,0,0,0,0,0,0,0,0
0,0,0,0,0,0,0,0,0
0,0,0,0,0,0,0,0,0
0,0,0,0,0,0,0,0,0
0,0,0,0,0,0,0,0,0
0,0,0,0,0,0,0,0,0
0,0,0,0,0,0,0,0,0
0,0.8378346562385559,0.8038881421089172,0.7589246034622192,0.4127548933029175,0.5664951801300049,0.726637989282608,0.5622384250164032,0.716522604227066
0,0,0,0,0,0,0,0,0
0,0,0,0,0,0,0,0,0
0,0,0,0,0,0,0,0,0
0,0,0,0,0,0,0,0,0
0,0,0,0,0,0,0,0,0
0.3800647258758545,0.3123649060726166,0.48475250601768494,1.262887954711914,1.3527556657791138,1.7751387357711792,1.4783105850219727,2.436969757080078,2.4230034351348877
0.18322187662124634,0.09764228761196136,0.46846456825733185,0,0.5541864633560181,0,1.7058802843093872,1.9196196794509888,3.7697571516036987
1.4707895517349243,2.836712598800659,2.5724759101867676,2.725266218185425,1.5771915912628174,3.5778244733810425,3.2545166015625,2.687224268913269,3.496445059776306
0,0,0,0,0,0,0,0,0
0,0.4777427911758423,0.33966687321662903,0.09848199784755707,0,0,0,0.12688755989074707,0
0,0,0,0,0,0,0,0,0
0.42467933893203735,0.3426027297973633,0.49075065553188324,0.6079745590686798,0.5239070355892181,0.737356960773468,0.9426538050174713,0.9087798595428467,1.0082931220531464
0,0,0,0,0,0,0,0,0
0.14954307675361633,0.2661280930042267,0.6766997426748276,0.3784157633781433,0.32041892409324646,0.5737271457910538,0.2842668294906616,0.43451398611068726,0.38747161626815796
0,0.290806382894516,0.5162534117698669,0.6148838996887207,0,0.44177207350730896,0,0.6131975054740906,0.5734657049179077
0,0,0.2511666715145111,0.33946239948272705,0,0,0,0,0
0,0,0,0,0,0,0,0,0
1.4778367280960083,0.620223730802536,0,0,0,0.3582817614078522,0,0,0
0,0.9028974175453186,0,0,0,0,0,0,0
0.6591402292251587,0.24651116132736206,0.17238390445709229,0.2842044532299042,0,0,0,0,0
1.2211121320724487,1.074148416519165,1.3711453676223755,1.4608008861541748,0.9508317708969116,1.0122226476669312,1.2029412984848022,1.2036755084991455,1.133624792098999
0,0,0,0,0,0,0,0,0
0.604319155216217,0.9682862162590027,1.4113041162490845,1.5274841785430908,1.0119954347610474,1.1708073616027832,1.4183571338653564,1.6094386577606201,2.071587085723877
0,0,0,0,0,0,0,0,0
0,0,0,0,0,0,0,0,0
0,0,0,0,0,0,0,0,0
0,0,0,0,0,0,0,0,0
1.09619140625,0.27074429392814636,0.194417804479599,0,0,0,0,0,0
0.25308898091316223,0.10559279471635818,0,0,0,0,0,0.7840186655521393,0.20778295397758484
0.3392366021871567,0.2858171612024307,0.260520376265049,0,0,0,0,0,0
0,0,0,0,0,0,0,0,0
0,0.8103207349777222,0.4089784026145935,0.3484015464782715,0,0.22665895521640778,0.3086242079734802,0,0.18257854878902435
0,0,0,0,0,0,0,0,0
0,0,0,0,0,0,0,0,0
0.14744025468826294,0,0,0.9019518494606018,0,0.35946691036224365,0.7855426669120789,0.7612872123718262,0.7582034468650818
0,0,0,0,0,0,0,0,0
0,0,0,0,0,0,0,0,0
0.5874885469675064,0.4456761032342911,0,0,0,0,0,0.3771817684173584,0
0,0,0,0,0,0,0,0,0
0,0,0,0,0,0,0,0,0
0,0,0,0,0,0,0,0,0
0.7330362796783447,0,0,0,0,0,0,0,0
0,0,0,0,0,0,0,0,0
0,0,0,0,0,0,0,0,0
0,0,0,0,0,0,0,0,0
0,0,0,0,0,0,0,0,0
0,0,0,0,0,0,0,0,0
0,0,0,0,0,0,0,0,0
0,0,0,0,0,0,0,0,0
0,0,0,0,0,0,0,0,0
0,0,0,0,0,0,0,0,0
0,1.0131845474243164,2.3512067794799805,0,0,0,0,0,1.0284498929977417
0.6832544505596161,2.289009928703308,0.8288031816482544,0.7226418554782867,0.54476398229599,1.8229278326034546,1.2982950806617737,1.2765837907791138,0.5678846538066864
4.132428765296936,7.41772723197937,10.456379890441895,7.742462873458862,8.48733901977539,5.534167289733887,6.63757848739624,6.396211624145508,7.174327373504639
2.164866328239441,0.5604649186134338,0,0,0,0,0,0,0
0,0,0,0,0.5189288854598999,1.069982886314392,1.0696539878845215,0.9348734021186829,0.857136607170105
0.2933254837989807,0.52390289306640625,1.0575510263442993,1.5406932830810547,1.4855773448944092,1.7289716005325317,2.0498440265655518,2.2194361686706543,1.580087661743164
0,0,0,0,0,0,0,0,0
0,0.40496280789375305,1.5079132318496704,0.9506570100784302,0.6318190693855286,0.846657395362854,0.6499766707420349,0.6770957708358765,0.5348674058914185
0,0.5441066026687622,1.2373042106628418,0,0,0,0,0,0.7255780696868896
0.30954310297966003,0.35380303859710693,2.8671107292175293,2.1359055042266846,1.0130058526992798,1.1045500040054321,1.418976068496704,0.933414876461029,0.7218018770217896
0.439389169216156,0.15437693148851395,0.7601729035377502,1.178999662399292,0.8636735677719116,0.6078015267848969,1.0709902048110962,1.4465455114841461,2.410400629043579
0.6408645510673523,0.41260769963264465,2.5609655380249023,1.8588850498199463,2.7023158073425293,1.0070165395736694,3.707040786743164,1.9145355224609375,3.659893035888672
0,0,0,0.42961519956588745,0.39622917771339417,0,0.5002736747264862,1.3259395360946655,1.0327856540679932
1.5971351265907288,2.507420063018799,0.6283152103424072,0.6479820907115936,0,0,0,0,0
2.5381946563720703,3.217778444290161,2.422290802001953,1.7267764806747437,0.502081573009491,0.5465961694717407,0.747100293636322,0.5123453140258789,0.4949154257774353
0,0,0,0,0,0,0,0.505577027797699,0.5193507075309753
0,0,0,0,0,0,0,0,0
0,0,0,0,0,0,0,0,0
0.17731642723083496,0,0.20428617298603058,0.36385852098464966,0.6957566142082214,1.0964024066925049,0.6500252485275269,0.7350402474403381,0.5525586009025574
0,0,0.19963261485099792,1.3210153579711914,0.8056524991989136,0.3638158142566681,0.4447270333766937,0,0
0,0.4908086657524109,1.703603446483612,0,0,0,0,0,0.4757196605205536
0,0,0,0,0,0,0,0,0
0,0,0,0,0,0,0,0,0
0,0,0,0,0,0,0,0,0
0,0,0,0,0,0,0,0,0
0,0,0,0,0,0,0,0,0
0.5349128544330597,0,0,0,0,0,0,0,0
0,0,0,0,0,0,0,0,0
0,0,0,0,0,0,0,0,0
0,0,0,0,0,0,0,0,0
0,0,0,0,0,0,0,0,0
0,0,0,0,0,0,0,0,0
0,0,0,0,0,0,0,0,0
0,0,0,0,0,0,0,0,0
0,0,0.6687670946121216,1.735995590686798,0.1283201016485691,0.9672998785972595,2.6752172708511353,1.7611666321754456,1.9176133275032043
2.2563283443450928,1.939916729927063,2.6098084449768066,1.098771333694458,0.6408035755157471,1.111349105834961,1.8169010877609253,1.4197471141815186,0.8566172122955322
0,0,0,0,0,0,0,0,0
0,0,0,0,0,0,0,0,0
0,0,0,0,0,0,0,0,0
0,0,0,0,0,0,0,0,0
0.3853629231452942,0.6456626057624817,0.4988708794116974,0.4921639561653137,0,0.6693234443664551,0.7377914190292358,0.6202000379562378,0.6343598961830139
0.7547467350959778,0,0.5062983632087708,0.7254677414894104,0.7446168065071106,1.4715689420700073,1.6534466743469238,1.9665817022323608,3.7547061443328857
0.4631563723087311,0.8513054847717285,0.6967363655567169,1.126648187637329,0,0,0,0,0
1.166200876235962,1.7001078128814697,0.8323538303375244,1.0493698120117188,0,0.4377726912498474,0.42463523149490356,0.5287236571311951,0.7702738046646118
1.1963375210762024,0.9639370739459991,0.7232823967933655,0.8530702590942383,0.5752587765455246,0.5464686751365662,0.5577875077724457,0.6917114853858948,0.8683924973011017
0,0.12191368639469147,0,0,0,0,0,0.9804657399654388,2.689518928527832
1.8087353706359863,0,2.1856725215911865,3.5433907508850098,2.7786617279052734,3.3180091381073,2.5650148391723633,2.4264776706695557,3.5088863372802734
0,0,0,0,0,0,0,0,0
0,0,0,0,0,0,0,0,0
0,0,0,0,0,0,0,0,0
0,0,0,0,0,0,0,0,0
1.4912371635437012,0.32282325625419617,2.156712532043457,0.8098850846290588,0.5564086437225342,0.5937531590461731,0.61196136474609375,0.8249721527099609,0.8244063854217529
0,0,0,0,0,0,0,0,0
0,0,0,0,0,0,0,0,0
0,0,0,0,0,0,0,0,0.7405294179916382
0,0,0,0,0,0,0,0,0.36308664083480835
0,0,0,0,0,0,0,0,0.7323175668716431
0.1984231173992157,0,0,0.10999822616577148,0,0,0.16274601221084595,0,0
0.6209850013256073,0.08862528949975967,0,0.6974015235900879,0.3939995765686035,0.5812087953090668,0.8050542771816254,0,0.5132170468568802
1.6139905452728271,2.2423441410064697,1.1675138473510742,1.2992093563079834,0.7278980612754822,0.757553219795227,0.6635972857475281,0.9128568172454834,2.1267688274383545
0.469985693693161,0.3500449061393738,0.5079063177108765,0,0.43611037731170654,0.573573112487793,0.7937448024749756,0.5173135995864868,0.7737522125244141
0,0.14147093147039413,0.5383268892765045,0,0,0.5831644833087921,0,0,0
1.1454623341560364,0.4263854920864105,0,0,0,0.18700523674488068,0,0,0.2056347131729126
0.9213797450065613,0.14192046225070953,1.064510852098465,1.1195668578147888,0.8901688456535339,1.0773746371269226,1.2565478086471558,1.190626323223114,1.0860575735569
0.7777817249298096,0,1.2399897575378418,1.5140529870986938,1.2770503759384155,0.9648764729499817,1.4336483478546143,1.9050142765045166,1.413824200630188
0.8844442963600159,0,1.8945236802101135,1.7491990327835083,1.4119604229927063,0.9316304922103882,1.0382701754570007,1.3052496910095215,1.1251519322395325
1.0082613229751587,0,2.076653480529785,1.2584739923477173,0.9221948385238647,0.8395236730575562,0.9270668625831604,1.0606896877288818,0.9190529584884644
0,0,0,0,0,0,0,0,0
0,0,0,0,0,0,0,0,0
0,0,0,0,0,0,0,0,0
0,0,0,0,0,0,0,0,0
0,0,0,0,0,0,0,0,0
0,0,0,0,0,0,0,0,0
0,0,0,0,0,0,0,0,0
0,0,0,0,0,0,0,0,0
0,0,0,0,0,0,0,0,0
0,0,0,0,0,0,0,0,0
1.1458374857902527,0,0,0,0,0,0,0,0
1.0670253038406372,0,0,0,0,0,0,0,0
6.671432256698608,6.107515454292297,15.856594562530518,16.40956163406372,16.769986152648926,14.28633975982666,13.579160690307617,14.069855690002441,15.86014461517334
0.4780210703611374,0.46187736093997955,0.5356004238128662,1.6691962480545044,4.361615300178528,4.440171718597412,8.69252872467041,8.638333797454834,9.800925016403198
0.1741873323917389,0.13838186860084534,0.21965228021144867,0.7231098413467407,0.9255756139755249,1.5715145468711853,6.719630479812622,5.111619472503662,5.593782424926758
0,0,0.22960682958364487,0.7076768279075623,0.4573172330856323,0.6625360250473022,1.5211215019226074,1.5040695071220398,1.3092357516288757
0.5853226184844971,0.4059484601020813,0,0,0,0,0,0.8114240765571594,2.3048431873321533
0.16018860042095184,0,0,0,0,0,0,0,1.098447561264038
0,0.7885944545269012,3.4714146852493286,5.671810865402222,4.783644676208496,3.821147918701172,5.680371046066284,6.491468191146851,7.259613752365112
0,0,0,0,0,0,0,0,0
0,0,0,0,0,0,0,0,1.078866869211197
0.9664174914360046,0.5406182408332825,1.259536623954773,1.2648853063583374,1.5713481903076172,1.4058105945587158,1.8196537494659424,2.0336294174194336,1.496816873550415
0,0,0,0,0,0,0,0,0
0,0,0,0,0,0,0,0,0
0,0,0,0,0,0,0,0,0
0,0,0,0,0,0,0,0,0
0,0,0,0,0,0,0,0,0
0.15155988931655884,0.645845890045166,1.1988469362258911,1.0901272296905518,0.9502151012420654,0.7344538271427155,0.8097294867038727,0.661282479763031,0.7936059236526489
0,0,0,0,0,0,0,0,0
2.678692102432251,3.0000592470169067,4.936863422393799,1.5327140092849731,0.37585778534412384,0.9570518434047699,0.8484882414340973,0.49088701605796814,0.3735121935606003
0,0,0.24865780770778656,1.0149846076965332,1.1744918823242188,1.193693220615387,1.7425159811973572,2.611819267272949,3.4252740144729614
0,0,0.6904343962669373,0,0,0,0,0,0
0,0,0,0,0,1.1913045644760132,0,0,0
0,0,0,0,0,0,0,0,0
0.9681539535522461,0.9592419862747192,1.0871793031692505,0.7914310097694397,0,0,0,0,0
0.5754378139972687,0.2460237666964531,0.48926717042922974,0.38950085639953613,0.243961364030838,0.2948681563138962,0.201104074716568,0.5777631103992462,0.711523711681366
0.7707578539848328,1.1473420858383179,0.8876582384109497,0.7972102165222168,0.7407488822937012,0.9316170811653137,1.1515083312988281,1.2849364280700684,1.1232457160949707
1.0715707540512085,0.6789959669113159,0.39099374413490295,0.35537511110305786,0.187276691198349,0.392078697681427,0.44540441036224365,0.6429753303527832,0.5928106904029846
0.13786527514457703,0.2104814350605011,1.0696547031402588,1.0336198806762695,0.32304853200912476,0.36901718378067017,0.41638725996017456,0.5302008390426636,0.4999653697013855
0,0,0,0,0,0,0,0,0
0,0,0,0,0,0,0,0,0
0.2206304371356964,0.4117862284183502,0,0,0,0.28795063495635986,0.38565126061439514,0.45868897438049316,0.4729834198951721
0,0.4841606765985489,0.1535017490386963,0.0976874828338623,0.0635094866156578,0.48725074529647827,0.4438245892524719,0.5193228125572205,0.6382726728916168
0,0.222050279378891,0.4201788008213043,0.2908770740032196,0.20564043521881104,0.7665850520133972,1.430358648300171,1.1831356287002563,1.0834846496582031
0,0,0,0,0,0,0,0,0
0,0,0,0,0,0,0,0,0
0,0,0,0,0,0,0,0,0
0,0,0,0,0,0,0,0,0
0,0,0.8090194463729858,0.7933862209320068,0.5528943538665771,0.6361888647079468,0.8662815093994141,0.7902165651321411,0.7821804285049438
0,0,0,0,0,0,0,0,0
0.3434711694717407,1.0968880653381348,0.2567936182022095,0,0,0,0.837417483329773,1.651218056678772,0.6680849194526672
0.9153578281402588,0.7439634799957275,0.13251005113124847,0,0,0,1.0398832559585571,1.160348653793335,0.6135390996932983
0.34934596717357635,0.34072552621364594,0.4925958663225174,0,0,0.3301103413105011,2.1711169481277466,2.47834575176239,1.7407968640327454
0,0,0.18874158710241318,2.1819252967834473,1.7530477046966553,1.2641880512237549,1.326561689376831,1.4583491086959839,1.2214678525924683
0,0,0,0,0,0,1.3234137296676636,2.0215022563934326,1.1230751276016235
0,0,0,0,0,0,0,0,0
0,0,0,0,0,0,0,0,0
0,0,0,0,0,0,0.47572946548461914,0.24583470821380615,0
0,0,0,0,0.7185546159744263,2.658217668533325,3.6215771436691284,3.9789631366729736,3.2530711889266968
1.669297695159912,1.1757286190986633,2.105008840560913,2.089883804321289,1.7249030470848083,1.7970221638679504,2.0093791484832764,2.66573166847229,2.487084150314331
0,0,0,0,0,0.8335675597190857,1.8189382553100586,1.8345539569854736,2.485860824584961
1.4948058128356934,0.3327212706208229,0.5391168892383575,0,0,0,0,0,0
0,0,13.954350471496582,10.824140071868896,11.20275068283081,10.226194858551025,12.690825939178467,15.131200790405273,12.022345066070557
0,0.5727537870407104,0,0,0,0,0.4103566110134125,0.6618861556053162,0.4025367498397827
2.505361557006836,4.1671302318573,4.327699303627014,3.0339677333831787,2.8986854553222656,4.066420316696167,1.863402009010315,3.6024399995803833,3.44410502910614
0,0,5.101700305938721,4.894102096557617,4.590973615646362,3.4704947471618652,5.984301686286926,6.7693772315979,5.988431215286255
0,0,9.24808406829834,8.079796552658081,4.607715845108032,3.8324623107910156,10.658370971679688,8.969242095947266,10.63416862487793
0,0,8.52363395690918,5.100384712219238,4.113589286804199,3.781876564025879,6.0913262367248535,6.670258045196533,8.076045989990234
0.1977141946554184,0,7.271390676498413,6.254846811294556,2.496402144432068,3.7946051359176636,6.920215606689453,8.077801704406738,6.738982915878296
5.713061809539795,5.778708219528198,12.556269645690918,11.839092254638672,10.095649242401123,15.287428855895996,10.471935272216797,10.316881656646729,6.507657527923584
2.0642263889312744,1.9152752161026,2.329580545425415,3.241107702255249,4.131388187408447,4.09848690032959,3.1812424659729004,4.355068206787109,2.7432899475097656
6.33314323425293,8.587438583374023,15.02575397491455,10.083930015563965,9.171760082244873,7.771421670913696,9.462873458862305,10.671971797943115,8.138974905014038
0.3763934373855591,0.5197107195854187,1.3178030252456665,4.378486633300781,7.553732872009277,10.442035675048828,7.101044654846191,5.935585021972656,8.350107192993164
4.1444408893585205,2.490049958229065,4.267749786376953,3.9484766721725464,4.1143927574157715,5.413025617599487,6.448102712631226,5.096346139907837,5.252619981765747
0.5749630331993103,2.8083689212799072,2.7223711013793945,0.8652954697608948,0.5948684215545654,1.2922590970993042,1.4176958799362183,2.057224988937378,2.8167948722839355
0.4690439999103546,1.9816678762435913,3.8565073013305664,3.3916043043136597,4.650916814804077,4.630022168159485,4.550198674201965,4.145191669464111,4.9903340339660645
0.3951362669467926,0.9061551094055176,1.2693194150924683,1.4262094497680664,1.229426622390747,1.5469053983688354,2.5853986740112305,2.191310167312622,1.7195614576339722
0.4957643151283264,0.7944502532482147,0.7923495769500732,0.8877451419830322,0.5449972450733185,0.8382792174816132,1.1880512237548828,1.2800554633140564,0.921062707901001
0.6764328479766846,1.633039116859436,1.4743306636810303,1.9940948486328125,0.8959088921546936,1.1791350841522217,2.4665069580078125,2.381317138671875,1.6184130907058716
3.7271742820739746,2.8673014640808105,5.738592147827148,4.6830220222473145,5.477350234985352,6.082062721252441,3.87497878074646,3.8176825046539307,5.696449279785156
1.4210246205329895,3.635370135307312,2.6920946836471558,2.0079538226127625,0.870439887046814,1.0728424191474915,1.2294580936431885,1.8765957355499268,1.0840096473693848
0.36416542530059814,0.8827828168869019,1.268682837486267,0.8447525501251221,0,0,0,1.3112366199493408,0.5357926487922668
0.7025766968727112,0.9730732440948486,0.8384417295455933,0,0,0.5613826513290405,0.5927771329879761,0.6975920796394348,0.5362167954444885
0.8112101554870605,1.8365237712860107,0.39171797037124634,0.5034732818603516,0.40288734436035156,0.6699166297912598,0.6797699332237244,0.8564425706863403,1.3584014177322388
0.435366690158844,0.5639707446098328,0.5457170605659485,0.7146151959896088,0.5166343748569489,0.8686316907405853,0.9146541357040405,1.1035858392715454,1.0848025679588318
0.745669424533844,1.0715672969818115,1.233332633972168,1.2655749320983887,0.9115800261497498,1.0116053819656372,0.9475434422492981,1.4720879793167114,1.1630147695541382
0.7997938394546509,0.8577582240104675,0.9210630655288696,0.7007704973220825,0.3709246516227722,0.6920241117477417,0.5802217721939087,0.49606773257255554,0.5381937026977539
0.7090837061405182,1.1988583207130432,1.4886747598648071,1.319663405418396,0.33927221596241,0.7393359839916229,0.731362521648407,0.4911982864141464,0.40718214213848114
0.4651050567626953,0.6062571406364441,0.7619273066520691,0.8239291906356812,0.6817822456359863,1.2138055562973022,1.1095476150512695,1.6497923135757446,1.6673905849456787
0.3564210534095764,0.5776602327823639,1.0437270998954773,0.8477434515953064,0.9454416334629059,1.0244039297103882,1.0746092796325684,0.6290425658226013,0.5164271891117096
0,0.23608174920082092,0.22784124314785004,0,0.1529580056667328,0.2730405330657959,0.27980685234069824,0,0
0.9968701004981995,1.2253727316856384,1.0211878716945648,0.6126679182052612,0.27736078202724457,0.3899499624967575,0.2046486735343933,0,0
1.1876044273376465,1.2772419452667236,2.276031732559204,1.8705443143844604,1.1261290311813354,1.2040730714797974,1.1433312892913818,0.9803858995437622,0.6046754121780396
0,0.3813615143299103,0.5017656683921814,0.5829507112503052,1.2072190046310425,1.8494571447372437,1.6200034618377686,1.5706803798675537,0.944704532623291
0.5356255769729614,1.0591922998428345,0.9571964740753174,0.6140514016151428,0.35916486382484436,0.7745360732078552,0.8085996508598328,0.6084814071655273,0.5703327655792236
0.8990358710289001,1.1729629039764404,0.6229227781295776,0.4849631190299988,0.37300905585289,0.6142754554748535,0.5230515599250793,0.5659825801849365,0.48544493317604065
0,0,0,0,0,0,0,0,0
0,0,0,0,0,0,0,0,0
0.8928124904632568,1.3573719263076782,1.5396130084991455,1.1357873678207397,0.9648621380329132,1.012706220149994,1.6092638969421387,2.1033284664154053,1.4064956307411194
0,0,0.1941269040107727,0,0,1.203118920326233,0.5016079545021057,0,0
1.0101783275604248,0.6788526773452759,0,0,0.33732810616493225,0.5777256488800049,0,0,0
1.1298288106918335,0.8008043766021729,0.08648703992366791,0,0,0,0,0.18698513507843018,0
0.7694013118743896,0,0,0,0,0,0,0,0.6888502836227417
0.44526469707489014,0.7482799291610718,1.0908315181732178,0.7819018959999084,0.6695968508720398,1.2661501169204712,2.357009172439575,1.866502285003662,0.797540545463562
1.7042649984359741,1.0869003534317017,0.8697407841682434,0.3383817672729492,0,0,0,0.38188496232032776,0.3790948688983917
0.2464260458946228,0.3433056175708771,0.9498791098594666,1.063186764717102,0,0,0,0,0
0,0.6104625463485718,0.6795789003372192,0.6324137151241302,0,0,0.6989037394523621,1.4532710313796997,1.1473793387413025
0.5653403997421265,0.8580116331577301,0.7205398678779602,0.8150127530097961,0.583399772644043,0.7539198994636536,1.0906728208065033,1.0598052740097046,2.4431400299072266
0.7518525123596191,0.9871554374694824,1.316989779472351,1.0114624500274658,0.3675239235162735,0.7074625790119171,1.0267247557640076,1.7016069293022156,2.1773141622543335
1.3719260096549988,1.2686467170715332,0.7892075479030609,0.06822194159030914,0.0967930518090725,0,0,0,0
1.7015398442745209,3.1952693462371826,8.7249603271484375,8.593317031860352,9.406195163726807,7.141828179359436,5.5553776025772095,6.3461668491363525,5.168874502182007
2.478360652923584,4.9652276039123535,12.141510963439941,7.268402099609375,9.116527557373047,7.007628917694092,8.0804290771484375,7.93862247467041,5.971046447753906
0,0,0,0,0,0,0,0,0
0,0,0,0,0,0,0,0,0
0.830657422542572,0.7216607332229614,0.8716459274291992,0.5767852067947388,0.49638232588768005,0.6927628815174103,0.7404279410839081,0.7786737084388733,1.1437082886695862
0,0.45356178283691406,0.8347972631454468,0.7312309741973877,0.7492600679397583,1.0313771963119507,1.1464595794677734,1.0093408823013306,1.0012500286102295
0,0,0,0.3130439519882202,0.23778334259986877,0.4253625273704529,0.5222027897834778,0.4414912760257721,0.49388009309768677
1.872450828552246,0.5464332103729248,0.8780815005302429,0.7655791640281677,0.5529128313064575,1.152746319770813,2.2079966068267822,2.798342227935791,2.500540256500244
1.6626958847045898,2.1710667610168457,2.1342248916625977,2.6289875507354736,2.30295467376709,2.965219020843506,4.2211833000183105,4.943323612213135,4.53127384185791
4.642914772033691,3.4114402532577515,2.583350658416748,2.561375379562378,2.1776071786880493,2.188950538635254,3.5824215412139893,6.33298134803772,10.720401763916016
3.881586253643036,2.508596658706665,1.5877914428710938,0.9818171262741089,0.9365256428718567,1.0000375807285309,3.1166759729385376,12.85872745513916,2.6830012798309326
1.5470293164253235,1.5600458979606628,1.917003095149994,3.241133451461792,2.228433609008789,2.7308506965637207,3.966126561164856,5.368691682815552,5.915215730667114
2.8627254962921143,1.3786256313323975,1.517035961151123,1.2431153059005737,0.879020094871521,1.7458913326263428,2.6513094902038574,4.845146179199219,2.6105432510375977
2.8627254962921143,1.3786256313323975,1.7555841207504272,2.6035165786743164,1.9322640895843506,2.3541221618652344,3.140558958053589,6.151398658752441,5.786642551422119
8.519267559051514,3.914908766746521,2.556479573249817,1.7200166583061218,1.566373586654663,1.4883686900138855,4.105283856391907,18.31575870513916,4.2118096351623535
3.2597978115081787,3.9235315322875977,4.2032294273376465,3.68716824054718,3.408981442451477,2.458475708961487,3.624943971633911,24.088923454284668,10.433713912963867
6.113250732421875,9.54124641418457,8.761637687683105,6.161479473114014,8.171934127807617,6.688098907470703,7.843875885009766,58.345375061035156,17.3471736907959
7.484642267227173,11.4793701171875,18.66252875328064,11.63836932182312,6.706689357757568,6.272161483764648,14.720443487167358,90.898162841796875,20.47419500350952
20.80073308944702,6.8798112869262695,31.412771224975586,19.839454650878906,12.927933692932129,10.968944787979126,18.104623794555664,91.22150039672852,42.440653800964355
20.80073308944702,9.128103256225586,53.025896072387695,36.807597160339355,36.537739753723145,18.817293167114258,51.430803298950195,123.57488632202148,94.58180236816406
17.43477439880371,2.5121095180511475,19.439638137817383,18.885801315307617,17.850276947021484,8.094318389892578,17.438751220703125,92.15082550048828,24.133407592773438
48.4083948135376,20.152891635894775,12.690891981124878,5.330236434936523,3.927217960357666,2.4761757850646973,7.661022782325745,4.704765856266022,7.317106485366821
11.770797729492188,8.923844337463379,4.210220813751221,2.2043490409851074,1.1925950050354004,0.928138256072998,2.3701424598693848,1.8570756912231445,2.1777184009552
7.3747687339782715,5.229752063751221,5.5964802503585815,3.9880075454711914,2.409845471382141,1.4542794227600098,2.866439700126648,2.581144630908966,2.200760781764984
4.798663377761841,2.2337486743927,2.899541139602661,2.432584226131439,1.4329448342323303,0.7143600285053253,1.6512827277183533,1.5826085209846497,1.3963857293128967
2.6331427097320557,0.17163941264152527,1.7282286882400513,1.2555980682373047,1.0158095359802246,0.6008546352386475,1.3001757860183716,1.0668655633926392,0.9895915985107422
5.461785852909088,6.58535099029541,5.417053461074829,2.756313920021057,3.178427517414093,1.1159207820892334,1.908368170261383,1.3261764645576477,1.3803412914276123
11.696629524230957,10.92188549041748,4.945622444152832,3.380397081375122,3.814464569091797,2.5534799098968506,4.505318641662598,23.350643157958984,10.057419776916504
5.082601547241211,4.700272560119629,6.527594566345215,2.6212306022644043,4.232359886169434,2.181082248687744,7.36446475982666,7.445263862609863,4.564750671386719
48.3464298248291,39.67769241333008,127.88859939575195,27.795065879821777,31.10714340209961,16.402020931243896,66.62237739562988,88.69443130493164,118.61970901489258
391.7593002319336,33.37910079956055,87.96391487121582,19.43652057647705,18.91205596923828,7.6331257820129395,54.60283851623535,55.411574840545654,38.30360746383667
676.7781982421875,49.390316009521484,146.1833953857422,32.90468215942383,33.08183670043945,12.189465522766113,101.45223999023438,97.81157684326172,70.49104309082031
18.4154052734375,16.900436401367188,18.60495948791504,4.5325469970703125,7.175257682800293,3.485924005508423,11.921384811401367,24.260143280029297,17.79316520690918
10.572527408599854,4.1925437450408936,15.92961597442627,6.263163089752197,7.883996486663818,6.346565008163452,13.4215407371521,75.24810028076172,16.223480224609375
17.099702835083008,11.175133228302002,10.517092227935791,4.553957104682922,4.143768668174744,2.8091979026794434,10.487685680389404,10.269476890563965,9.75739860534668
95.57622528076172,24.0717191696167,25.186674118041992,6.712285995483398,5.147568225860596,3.3053104877471924,10.072847843170166,10.229240655899048,8.956718921661377
66.30920028686523,27.96896457672119,81.80632400512695,16.48243522644043,19.317348957061768,6.440105199813843,33.802298069000244,42.28922724723816,41.14415454864502
16.361175537109375,14.590670108795166,10.797077178955078,6.256428956985474,4.2103811502456665,2.8863654136657715,5.838960409164429,5.4745988845825195,6.276431918144226
0.46397414803504944,1.2465059757232666,1.2070735692977905,0.6156557202339172,0.2655141353607178,1.3948029279708862,1.4001728296279907,1.3195266723632812,0.878135085105896
0,0,0.5384491086006165,0,0,0,0.6304346323013306,0,0
0.4604741036891937,0.07885968685150146,0.5359681248664856,0.6186874508857727,0.4328596442937851,0.517109215259552,0.7241965532302856,0.5826615691184998,0.7475550174713135
0,0,0,0,0,0,0,0,0
0,0.6079228669404984,3.040791392326355,2.57699453830719,2.755146622657776,3.441249370574951,2.808011770248413,4.853066444396973,3.7997891902923584
0,0.871053546667099,6.452835321426392,6.524373769760132,6.706817150115967,5.204524517059326,5.502050161361694,6.99289083480835,6.020581483840942
1.7254388332366943,1.8090500831604004,2.547701597213745,2.297127604484558,1.8309521675109863,2.4615765810012817,2.417704939842224,1.5561172366142273,1.1534924507141113
0.2622549831867218,0.10149967670440674,0.37283118069171906,0,0,0,0.403704509139061,0.3028821647167206,0
0,0.35920000076293945,0.4146137535572052,0.3349887728691101,0.279745876789093,0.6536449790000916,0.7097642719745636,0.1473952680826187,0.33017390966415405
0.660892128944397,0.7042361497879028,1.3782978653907776,2.5399738550186157,2.316137909889221,2.4058881998062134,1.5532281398773193,1.0405868887901306,0.82559534907341
0.6312785744667053,0.46719256043434143,3.7802631855010986,7.639286994934082,3.1792516708374023,3.1034462451934814,3.6777966022491455,0.8660479187965393,0.6148459911346436
0.5869756042957306,0.612779825925827,2.190319061279297,3.4782084226608276,3.1014928817749023,2.3111852407455444,2.039530575275421,1.0808225274085999,0.29586905241012573
0.6832519173622131,0,0,0,0,0,0,0,0
0,0.39593586325645447,0.9977526068687439,1.118312120437622,0.9349204301834106,1.249849557876587,1.0354604721069336,0.8901073336601257,0.7078683972358704
0.8195658028125763,0.5915533304214478,1.1596283912658691,1.1211997270584106,0.9792556166648865,1.2166417241096497,0.9606382548809052,0.8786977529525757,0.33906182646751404
0,0,0,0,0,0,0,0,0
1.463533103466034,0.6500323414802551,2.697534918785095,3.911100387573242,3.716885566711426,3.3247342109680176,2.6501344442367554,2.030720829963684,1.4542618989944458
0,0,0,0,0,0,0,0,0
0.9105546474456787,0,0,0,0,0,0,0,0
0.2915010154247284,0,0.08968853950500488,0.1453275829553604,0.10833786427974701,0,0.3653542250394821,0.29642409086227417,0.135246142745018
1.411571443080902,0.9078978300094604,1.3960354328155518,1.8134504556655884,2.0744579434394836,2.2004886865615845,3.5040340423583984,4.232243537902832,3.8084306716918945
1.8664005398750305,1.0505021810531616,1.5619314908981323,2.2778990268707275,2.604777216911316,2.814306616783142,3.905751943588257,4.56393575668335,5.548352241516113
1.4637348055839539,0,0,0,0,0,0,0,0
0,0,0,0,0,0,0,0,0
0,0,0,0,0,0,0,0,0
0.5981738865375519,0.170722097158432,0.6878262162208557,1.0993133783340454,0.8964328765869141,1.2433108687400818,1.1029497981071472,0.9700765907764435,0.745896190404892
0.7487153708934784,0.3965952396392822,0,0,0,0,0,0,0
0.7068605422973633,0,0.3128157705068588,0,0.2659495919942856,0,0.6544340252876282,0.55435910820961,0.5854953825473785
0.5893966555595398,0,0,0,0,0,0,0,0
0.8677668571472168,0,0,0,0,0,0,0,0
0.2798512130975723,0,0.3966772258281708,0.4109099209308624,0,0,0,0.32817378640174866,0
0,0,0,0.9245967864990234,0,0,0,0,0
0.49024540185928345,0,0,0,0,0,0,0,0
0.2821044325828552,0.2379145324230194,0.22049984335899353,0.24067147076129913,0.23025073111057281,0.33963942527770996,0.3624565005302429,0.3770575225353241,0.40628403425216675
0.38013193011283875,0,1.1172223091125488,5.008334755897522,3.228959798812866,1.7213914394378662,1.523531973361969,0.6113850772380829,0
0.42357197403907776,0,0.9359764754772186,1.9680627584457397,1.4609992504119873,1.1684150695800781,0.9603315591812134,0,0
0.5494360327720642,0.7355899810791016,1.1247193813323975,1.7754513025283813,1.4363832473754883,1.715274691581726,3.021522045135498,1.6156269311904907,1.0136948823928833
0,0,0,0,0,0,0,0,0
0.7525204420089722,0.8089933395385742,0.8550820350646973,1.3912183046340942,1.2660648822784424,1.5272696018218994,1.7457889318466187,0.91072845458984375,0.9239881634712219
0.6802456974983215,0.7237714231014252,0.9595460295677185,1.311797320842743,1.1219987869262695,1.53460294008255,1.4609299302101135,1.1383745670318604,1.0162720382213593
1.3144495487213135,0.4561324715614319,1.1508674621582031,1.050805687904358,0.750115692615509,0.9426547288894653,0.8453973531723022,1.0349972248077393,1.5736337900161743
0.8354152143001556,0.41590213775634766,0.6184544861316681,0.9067509770393372,0.616100400686264,0.7203879356384277,0.7783350348472595,0.8950840532779694,1.6641107201576233
0.668527215719223,0.6466336846351624,1.223608911037445,1.5737332105636597,1.2943508625030518,1.697519302368164,1.468177616596222,1.5457777976989746,1.5315788388252258
0.4533200263977051,0.4864655137062073,0.6097245812416077,0.9044001698493958,1.1531257629394531,1.2200055122375488,0.9443082809448242,0.781260073184967,1.0048093795776367
0.387661874294281,0.6109259128570557,0.8431859016418457,0.9941962361335754,0.8756681084632874,1.0899884700775146,1.1426650285720825,1.0158429145812988,1.0475101470947266
0.5258194506168365,0.3839118927717209,0.555485874414444,1.6540583968162537,1.1763874888420105,0.91517373919487,0.767245352268219,0.630730390548706,0.6216577291488647
0,0,0,0,0,0,0,0,0
0.7337066531181335,0.41973769664764404,0.399173378944397,0.7719070911407471,0.6706668734550476,0.6860665082931519,0.9400274157524109,0.781260073184967,0.9604107737541199
0.21304851770401,0,0,0.7864739298820496,1.1531257629394531,0.7710029482841492,0,0,0.9643400311470032
3.0203170776367188,3.326836109161377,2.368956685066223,2.0199952721595764,4.3606109619140625,2.6085442304611206,2.2297332286834717,3.349160313606262,3.086532235145569
0,0,0,0,0.5003451108932495,0,0,0,0
0,0,0,0,0,0,0,0,0
0.5096084773540497,1.5079628229141235,0.9744701981544495,0.8436124920845032,0.40348827838897705,1.4092516601085663,1.485651671886444,0.9497862458229065,0.8748357892036438
2.1072765588760376,1.4079314470291138,1.2142997086048126,1.2127596735954285,2.8255056738853455,1.4044299125671387,1.2453968524932861,1.808278203010559,1.763363003730774
1.0348212718963623,0.8231039643287659,1.647480845451355,2.599536657333374,2.74998140335083,2.0583391189575195,2.2248902320861816,2.5995609760284424,4.430913925170898
0.33079300820827484,0.4462288171052933,0.511012390255928,0.699689656496048,0.6976566314697266,0.8014150559902191,0.865960031747818,0.714116096496582,0.6240024566650391
0.8440985679626465,1.2118454575538635,1.1883060336112976,1.0812909603118896,0.9572481215000153,1.5617611408233643,1.8677551746368408,1.2639912366867065,1.199758529663086
1.1087419986724854,0.5784523338079453,0.46878911554813385,0.9902385175228119,0.6719633638858795,0.44060707092285156,1.0006554126739502,0.8753237128257751,1.076278030872345
0,0,0.49192579090595245,0.8633717000484467,0.5534954369068146,0.8809130787849426,0,0.6017886996269226,0.5591395795345306
0.23699001967906952,0,1.8361306190490723,2.1174204349517822,0.5291411876678467,0.6533367037773132,0,0,0
0,0.5950838923454285,0,0,0,0,0,0,0
1.183873176574707,0.8977110981941223,0.8495849967002869,1.0520274639129639,1.1863868236541748,1.1706688404083252,1.0188086032867432,1.1165786981582642,1.1082615852355957
0.23880931735038757,0.5150521993637085,0.34944266080856323,0.8462671637535095,0.9387707710266113,0.7090287804603577,0.8452195525169373,0.8887720704078674,0.8581523299217224
0,0,0,0,0,0,0,0,0
0.4530441388487816,0.2413063943386078,1.659286916255951,1.6588817834854126,0.26457059383392334,0.3266683518886566,0,0,0
1.211430549621582,0.6114433705806732,0.6745643615722656,0.36630329489707947,0,0.17235027253627777,0.15728558599948883,0,0
0,0,0,0,0,0,0,0,0
0.6261938214302063,0.725618988275528,0.7640247344970703,0.7607499063014984,0.5034529566764832,0,0.6349306702613831,0.6795735061168671,0.6353485584259033
0.38031861186027527,0.6941956579685211,0.46776406466960907,0.7502234280109406,0.8106476962566376,0.7487246692180634,0.7839918732643127,0.8485262989997864,0.7945584356784821
0.32656392455101013,0.5472010970115662,0,0.4858609437942505,0.3960379362106323,0,0.5074080228805542,0.6232285499572754,0.6279827356338501
0.31073349714279175,0,0,0,0,0.3622779846191406,0.6560404002666473,0,0
0.9676638841629028,0.3722999691963196,0.622240424156189,0.5603029727935791,0.27120959758758545,0.4385709762573242,0.4288572669029236,0,0
